Index,Percentage Error,Type,Estimated Option Price,Actual Option Price
345,0.11254226648841363,C,1.3311866002673796,1.5
347,0.13492827969390128,C,0.8304688514938547,0.96
349,0.16123206850944177,C,0.2851810967067898,0.34
351,0.1970446655542293,C,0.016059106688915414,0.02
353,0.1848763444297633,C,0.2852932794495828,0.35
356,0.1591582297780444,C,0.832433352519736,0.99
357,0.1591582297780444,C,0.832433352519736,0.99
358,0.20085724463580393,C,0.015982855107283922,0.02
361,0.12701703610964374,C,1.9554818391143982,2.24
362,0.13474254906442548,C,1.9554818391143982,2.26
364,0.11110038645489347,C,1.9555791497992345,2.2
365,0.17070270708480706,C,0.8292972929151929,1.0
367,0.1379000525940682,C,0.2844929826439575,0.33
370,0.10630399170816268,P,4.126513889071447,3.73
372,0.23433332114928124,P,1.5922899842825728,1.29
373,0.23433332114928124,P,1.5922899842825728,1.29
374,0.23433332114928124,P,1.5922899842825728,1.29
375,0.2314865403175344,P,1.5886176370096194,1.29
376,0.2314865403175344,P,1.5886176370096194,1.29
380,0.2910230230932029,P,0.1291023023093203,0.1
381,0.11085905328344636,C,0.7646612141762361,0.86
382,0.13591819241774475,C,1.9528248851358967,2.26
383,0.13591819241774475,C,1.9528248851358967,2.26
384,0.13645518690973757,C,1.9516112775839929,2.26
385,0.15923090919968322,C,0.8323613998923136,0.99
390,0.13985041400930123,C,1.9525395601988862,2.27
391,0.11230518559790428,C,1.6244815103558352,1.83
392,0.13992256096613254,C,1.9523757866068792,2.27
393,0.13992256096613254,C,1.9523757866068792,2.27
394,0.11424432988312186,C,1.620932876313887,1.83
395,0.12951971532871642,C,0.8269562704377194,0.95
396,0.10058317742023548,C,2.833162991126258,3.15
397,0.11530507799940538,C,1.6189917072610882,1.83
398,0.23013470078226883,P,1.5868737640091268,1.29
399,0.23013470078226883,P,1.5868737640091268,1.29
402,0.22921644926898985,P,1.585689219556997,1.29
403,0.18031195719959384,C,0.8278849232284102,1.01
405,0.2932365889128405,P,0.12932365889128405,0.1
406,0.20986427306348782,P,1.5849221977131691,1.31
407,0.20986427306348782,P,1.5849221977131691,1.31
408,0.2976225116551631,P,0.12976225116551632,0.1
409,0.2976225116551631,P,0.12976225116551632,0.1
410,0.14552102432477254,C,1.9482120645395185,2.28
411,0.14552102432477254,C,1.9482120645395185,2.28
412,0.2926446300951077,P,0.12926446300951078,0.1
414,0.1478314609882735,C,1.9514659543368538,2.29
415,0.11310293350396243,C,1.6230216316877488,1.83
416,0.15413069189561449,C,0.06766954464835084,0.08
419,0.15233130009977588,C,0.2882073579660762,0.34
421,0.16959875162193327,C,0.8304012483780667,1.0
422,0.10110088511636106,C,1.734875291725423,1.93
423,0.1470984239497552,C,1.9531446091550606,2.29
424,0.10749559312831093,P,3.654735457323426,3.3
425,0.10123190878865121,P,5.351987076712845,4.86
426,0.11086184113174037,P,3.654735457323426,3.29
428,0.10123190878865121,P,5.351987076712845,4.86
429,0.10749559312831093,P,3.654735457323426,3.3
430,0.11086184113174037,P,3.654735457323426,3.29
432,0.10749559312831093,P,3.654735457323426,3.3
433,0.10123190878865121,P,5.351987076712845,4.86
434,0.13434054544277843,C,0.06925275636457773,0.08
435,0.11086184113174037,P,3.654735457323426,3.29
437,0.10749559312831093,P,3.654735457323426,3.3
438,0.10123190878865121,P,5.351987076712845,4.86
440,0.10901899854460462,P,3.6486725052117492,3.29
442,0.10565833491265135,P,3.6486725052117492,3.3
443,0.10901899854460462,P,3.6486725052117492,3.29
445,0.10565833491265135,P,3.6486725052117492,3.3
447,0.10901899854460462,P,3.6486725052117492,3.29
450,0.10565833491265135,P,3.6486725052117492,3.3
452,0.10565833491265135,P,3.6486725052117492,3.3
453,0.10901899854460462,P,3.6486725052117492,3.29
455,0.10565833491265135,P,3.6486725052117492,3.3
457,0.10565833491265135,P,3.6486725052117492,3.3
459,0.10901899854460462,P,3.6486725052117492,3.29
461,0.10565833491265135,P,3.6486725052117492,3.3
463,0.17549871954696614,C,0.8327462932575642,1.01
464,0.1367512528209382,C,0.29350457404088104,0.34
466,0.27857725241820924,P,0.12785772524182093,0.1
467,0.27857725241820924,P,0.12785772524182093,0.1
468,0.27857725241820924,P,0.12785772524182093,0.1
473,0.1225187391462888,C,1.9831076495293871,2.26
474,0.1377792828133099,C,1.9831076495293871,2.3
478,0.14473534202090976,C,0.8125014250801357,0.95
479,0.11097211638849104,C,2.862669785229059,3.22
480,0.15710283484986773,C,0.2950140078025463,0.35
481,0.11608998522775141,C,3.7124220620434443,4.2
482,0.11608998522775141,C,3.7124220620434443,4.2
483,0.15710283484986773,C,0.2950140078025463,0.35
484,0.11608998522775141,C,3.7124220620434443,4.2
486,0.11608998522775141,C,3.7124220620434443,4.2
489,0.11532866599294443,C,3.7156196028296335,4.2
490,0.23518781571710862,P,1.5439847696463858,1.25
491,0.23518781571710862,P,1.5439847696463858,1.25
493,0.24119835087820857,P,1.5390859550889786,1.24
498,0.14805693973926337,C,1.6357306757006143,1.92
499,0.10127174443847844,P,2.9073574053175832,2.64
500,0.11549123894068396,P,1.9967293177038243,1.79
501,0.1593069454275384,C,0.8238791934810124,0.98
502,0.13770222213965153,P,4.095727999702746,3.6
503,0.13770222213965153,P,4.095727999702746,3.6
504,0.13770222213965153,P,4.095727999702746,3.6
505,0.11582046447457535,P,5.244356183030504,4.7
506,0.20997103156648325,P,2.8676313448125654,2.37
507,0.14362336657045538,P,4.803218139595913,4.2
508,0.2352896600706978,P,1.5194062818869583,1.23
509,0.14907365088454244,C,2.0166954474036345,2.37
512,0.20297650225740943,C,0.8687556125394238,1.09
514,0.27694218053973674,P,0.383082654161921,0.3
515,0.41882464504415173,P,0.383082654161921,0.27
518,0.14142301728458995,P,4.793976672595278,4.2
519,0.12549351699667974,C,1.6528172528762752,1.89
520,0.12549351699667974,C,1.6528172528762752,1.89
521,0.2330107795945856,P,0.7521365755526972,0.61
522,0.2330107795945856,P,0.7521365755526972,0.61
523,0.2330107795945856,P,0.7521365755526972,0.61
525,0.21312350895596321,P,0.7521365755526972,0.62
527,0.16608556450172185,C,0.8672710129182093,1.04
528,0.14296497593276178,C,2.022602656798682,2.36
533,0.16203883429692323,C,0.8714796123311999,1.04
534,0.30029424485274,P,0.0780176546911644,0.06
535,0.1624499024688146,C,0.8710521014324328,1.04
538,0.2322784877419923,P,0.7516898775226153,0.61
539,0.21617290366710545,P,0.20674939362340794,0.17
540,0.22949830391812456,P,0.3811444742146186,0.31
541,0.21560174859180023,P,1.5073461682538323,1.24
542,0.13956129924978608,C,2.0306353337705048,2.36
544,0.10079642512623911,C,3.776655014469796,4.2
545,0.1310087678073565,C,0.3041469312674252,0.35
546,0.1354922866268579,C,2.031593126426884,2.35
547,0.19131336512952513,P,0.9053981574984391,0.76
548,0.10595145020281262,C,0.09834534047769061,0.11
549,0.13994585746262614,C,0.16341028708210104,0.19
550,0.10455454330190474,C,0.09849900023679048,0.11
551,0.15905635115163214,C,0.1597792932811899,0.19
552,0.10423687020212705,C,2.911230171843087,3.25
553,0.10423687020212705,C,2.911230171843087,3.25
557,0.1521588772969231,C,2.0348186944873845,2.4
558,0.2213006871171737,P,1.5021998451541236,1.23
559,0.3666831604563257,P,0.20500247406844885,0.15
560,0.3054690440592216,P,0.37858602277717424,0.29
561,0.15936537468868409,C,0.15972057880915003,0.19
567,0.15936537468868409,C,0.15972057880915003,0.19
570,0.16500316638984827,C,2.045742242344872,2.45
573,0.1388731226383251,C,0.16361410669871823,0.19
575,0.10318976165742141,C,2.959473786530509,3.3
576,0.15353631150539773,C,2.0823006736967216,2.46
578,0.10318976165742141,C,2.959473786530509,3.3
581,0.13230217155619112,C,0.1648625874043237,0.19
582,0.15353631150539773,C,2.0823006736967216,2.46
583,0.2961611360982187,P,0.7258502362150026,0.56
584,0.1818792585584352,C,0.8999328155857214,1.1
585,0.18713571184230313,C,0.9022793598550436,1.11
586,0.15970472702914132,C,2.0839322769677295,2.48
587,0.13529781038683428,C,2.0839322769677295,2.41
589,0.14278716476819925,P,2.2512907145933525,1.97
591,0.14057171520590367,C,0.31798846537381564,0.37
592,0.16318824901627463,C,0.31798846537381564,0.38
593,0.1553152427858292,C,2.0948181978911435,2.48
594,0.40378826193762646,P,0.19653035667126773,0.14
595,0.298057012035831,P,0.3634559633700327,0.28
596,0.13106023055046276,C,1.6944325504265976,1.95
597,0.13106023055046276,C,1.6944325504265976,1.95
598,0.15682044310620355,C,0.3878625961711464,0.46
599,0.298057012035831,P,0.3634559633700327,0.28
600,0.40378826193762646,P,0.19653035667126773,0.14
603,0.15228363543929527,C,0.8561935282063118,1.01
604,0.15228363543929527,C,0.8561935282063118,1.01
605,0.38635001416581094,P,0.19408900198321355,0.14
606,0.2848197658572653,P,0.3597495344400343,0.28
607,0.15866301646051853,C,0.3870150124281615,0.46
608,0.15866301646051853,C,0.3870150124281615,0.46
609,0.15866301646051853,C,0.3870150124281615,0.46
610,0.2848197658572653,P,0.3597495344400343,0.28
611,0.38635001416581094,P,0.19408900198321355,0.14
614,0.3687774967372345,C,0.01262445006525531,0.02
615,0.28062358462608056,P,0.3585746036953026,0.28
616,0.37665119001656916,P,0.1927311666023197,0.14
617,0.37665119001656916,P,0.1927311666023197,0.14
618,0.28062358462608056,P,0.3585746036953026,0.28
619,0.27529283018170037,P,0.35708199245087613,0.28
620,0.3703494015734054,P,0.19184891622027678,0.14
621,0.13216299594085112,C,1.5534282372658765,1.79
622,0.17507700519158945,C,0.9156645242373358,1.11
623,0.17507700519158945,C,0.9156645242373358,1.11
624,0.22774594282352892,P,1.4241852936752935,1.16
625,0.16640334476582944,C,0.9252922873099294,1.11
626,0.10880139543376251,C,2.1745245951416194,2.44
627,0.10004245844929219,C,3.9778123336541285,4.42
628,0.1292403883030765,C,0.9752507651005544,1.12
629,0.1124964519692071,C,2.2187588700769822,2.5
630,0.14658449539010415,P,1.3529697045603228,1.18
631,0.12368517457450513,C,0.017526296508509898,0.02
632,0.11940588246152785,C,0.9862654116430889,1.12
642,0.15506146565441817,P,0.3234172103832371,0.28
672,0.23530260219641974,P,0.7658876133617802,0.62
696,0.13713388020668202,P,1.2963326234356174,1.14
699,0.11729889851293486,P,2.5250955106392325,2.26
701,0.1721218511092193,P,0.3164728997994892,0.27
702,0.11453747214168938,P,2.5188546870402178,2.26
703,0.10962761543621927,P,2.5188546870402178,2.27
706,0.10194678629063418,P,1.289277739960042,1.17
708,0.10423941184685558,C,1.0211670704945846,1.14
719,0.1133104684466103,P,1.2803070387136017,1.15
720,0.10297032212847,C,1.0226138327735441,1.14
721,0.10096720609245535,C,1.0248973850546008,1.14
724,0.1047025451036149,C,1.0295920731308428,1.15
730,0.15163469397276205,P,0.31094136737264577,0.27
731,0.11608218610875688,P,1.2723336921639827,1.14
745,0.11658911331068246,C,0.0353364354675727,0.04
772,0.1651475833410973,P,0.05825737916705487,0.05
785,0.11823338648488858,C,0.03527066454060446,0.04
786,0.11823338648488858,C,0.03527066454060446,0.04
792,0.13662636318018423,C,0.11366263631801843,0.1
794,0.13936678793218776,P,0.05696833939660939,0.05
795,0.13936678793218776,P,0.05696833939660939,0.05
796,0.13936678793218776,P,0.05696833939660939,0.05
798,0.10713704839458912,P,0.1549991867752425,0.14
869,0.14559483950883495,C,1.3670482567858642,1.6
919,0.21919824517716482,P,0.031232070192913408,0.04
953,0.17492010227438945,P,0.8811900767057921,0.75
970,0.20482861867733207,P,0.03180685525290672,0.04
971,0.20482861867733207,P,0.03180685525290672,0.04
986,0.21177098506031178,C,0.6542300823999412,0.83
1005,0.270460485842489,C,0.9274361546650169,0.73
1012,0.10831512752818476,P,1.7298686525953215,1.94
1019,0.25420308613207776,C,0.9281102837377375,0.74
1026,0.24495033617928585,C,0.9212632487726715,0.74
1030,0.24495033617928585,C,0.9212632487726715,0.74
1062,0.1594174210095709,P,0.5333320136644026,0.46
1065,0.1594174210095709,P,0.5333320136644026,0.46
1066,0.1594174210095709,P,0.5333320136644026,0.46
1081,0.10441376029859839,P,0.5522068801492992,0.5
1082,0.15043100031104004,P,0.5522068801492992,0.48
1083,0.10516173415121922,P,1.8566717133740482,1.68
1099,0.10072471442785103,P,1.1557609501492436,1.05
1100,0.10072471442785103,P,1.1557609501492436,1.05
1104,0.11364031391703884,P,1.1581859264737204,1.04
1125,0.11522027956635783,P,0.5464579369875153,0.49
1126,0.15850400081897123,P,0.2664559201883634,0.23
1129,0.12412534589972889,P,1.1466078528177235,1.02
1137,0.19240348947222408,C,0.7591407198961093,0.94
1141,0.19240348947222408,C,0.7591407198961093,0.94
1175,0.3274120387586554,P,0.2787565281393176,0.21
1176,0.3274120387586554,P,0.2787565281393176,0.21
1181,0.11607247991515166,P,0.07812507359406062,0.07
1182,0.11607247991515166,P,0.07812507359406062,0.07
1194,0.36897256424226677,C,0.287484238490876,0.21
1216,0.307965843777461,C,0.11764580655783163,0.17
1217,0.307965843777461,C,0.11764580655783163,0.17
1219,0.21569462294778907,C,0.11764580655783163,0.15
1222,0.26418197744032074,C,0.11037270338395189,0.15
1239,0.10648068105419843,C,0.5200459200954732,0.47
1289,0.23723141070878068,C,0.6483533008975364,0.85
1308,0.16565170051087705,P,0.0815956190357614,0.07
1316,0.4804559294784613,P,0.6069869310861691,0.41
1330,0.16660947622934572,P,0.08166266333605421,0.07
1333,0.1433364689742416,C,0.8823634369565312,1.03
1334,0.19857353789563817,P,0.9348873595585978,0.78
1339,0.19106499895109602,P,3.5136417469057335,2.95
1357,0.428877338524496,P,0.38579688140161394,0.27
1358,0.428877338524496,P,0.38579688140161394,0.27
1383,0.3920611520222712,P,0.37585651104601325,0.27
1400,0.307685601037848,P,0.16999912813492024,0.13
1401,0.307685601037848,P,0.16999912813492024,0.13
1402,0.307685601037848,P,0.16999912813492024,0.13
1403,0.307685601037848,P,0.16999912813492024,0.13
1404,0.307685601037848,P,0.16999912813492024,0.13
1405,0.307685601037848,P,0.16999912813492024,0.13
1406,0.307685601037848,P,0.16999912813492024,0.13
1407,0.307685601037848,P,0.16999912813492024,0.13
1441,0.13614211668315224,P,0.07952994816782066,0.07
1442,0.11712536702136492,C,0.5138776688298279,0.46
1449,0.2018199938354229,P,0.6369645967327742,0.53
1467,0.10127211812143394,P,1.949251649074938,1.77
1470,0.2094034693547594,C,1.2456855734354022,1.03
1490,0.10393805069160322,C,2.2078761013832064,2.0
1491,0.10393805069160322,C,2.2078761013832064,2.0
1496,0.2312326159315968,C,0.8302687747938755,1.08
1508,0.10312988976566057,P,0.07721909228359625,0.07
1616,0.2189865535396916,P,0.07313919321238149,0.06
1633,0.16166867645434108,P,9.053978294293117,10.8
1636,0.12850710046267108,C,0.4008867337871713,0.46
1638,0.2686566479838029,C,0.33641794192745067,0.46
1650,0.11851356557109678,P,0.12303649221282065,0.11
1693,0.10317683182742593,C,0.1103176831827426,0.1
1694,0.16388371269058488,P,3.4334569524372256,2.95
1695,0.12799282146854826,C,4.089713667312509,4.69
1701,0.18164947452710228,P,0.07089896847162613,0.06
1706,0.1791832660626822,P,2.511660356713513,2.13
1707,0.10597842866615886,C,0.11059784286661589,0.1
1709,0.22020221608347687,C,0.7809294182934252,0.64
1710,0.3418305095030178,P,0.34887593247078463,0.26
1736,0.10934947988453007,C,0.37717882316074025,0.34
1737,0.10934947988453007,C,0.37717882316074025,0.34
1742,0.10934810383636062,P,0.12202829142199967,0.11
1755,0.14358882672625617,C,0.37738431281966456,0.33
1756,0.15957194569815938,P,1.7857407963751655,1.54
1759,0.10995386123430745,C,0.37738431281966456,0.34
1781,0.20229544558109566,C,0.1082065901022986,0.09
1783,0.18643032303191728,C,0.37965770337021354,0.32
1786,0.1794748712513403,C,0.3774319588004289,0.32
1801,0.23592138117464695,C,1.1123292430571823,0.9
1802,0.32218621919439894,C,0.10577489753555191,0.08
1805,0.11837953504407144,P,1.0314959439984364,1.17
1806,0.11837953504407144,P,1.0314959439984364,1.17
1813,0.10146245238604902,C,1.3988573145302823,1.27
1823,1.670742339667642,C,0.21365938717341137,0.08
1824,1.5709678198252426,C,0.20567742558601942,0.08
1825,0.12820626975666635,C,1.1169242070590997,0.99
1826,0.16305397224703008,C,0.37217727111904964,0.32
1830,0.14029516850824858,P,1.6506332764641627,1.92
1837,0.10894068872636224,P,1.0336288010774197,1.16
1840,0.14752491617063793,C,0.10327724245535741,0.09
1841,0.20100542627830745,C,0.3723116821462753,0.31
1844,0.12256935039450093,P,0.48258685728302453,0.55
1845,0.12256935039450093,P,0.48258685728302453,0.55
1848,0.16021163256314988,P,2.510967218636182,2.99
1849,0.15147017758845296,P,2.537104169010526,2.99
1852,0.11866414908057432,P,0.22914732123905068,0.26
1853,0.10681229928542009,P,0.23222880218579078,0.26
1854,0.10681229928542009,P,0.23222880218579078,0.26
1856,0.17928905528958602,C,0.36557960713977167,0.31
1873,0.11828529499177606,P,2.6363269679745898,2.99
1874,0.11828529499177606,P,2.6363269679745898,2.99
1875,0.10224151235894925,P,2.684297878046742,2.99
1879,0.11586999640981595,P,0.4951128020105031,0.56
1881,0.11578682112009994,P,0.4951593801727441,0.56
1885,0.11800340157197256,C,1.0844632995248134,0.97
1886,0.11800340157197256,C,1.0844632995248134,0.97
1887,0.11800340157197256,C,1.0844632995248134,0.97
1892,0.15902269037930056,C,0.3592970340175832,0.31
1894,0.10637971008565131,C,1.0731883187830817,0.97
1895,0.10637971008565131,C,1.0731883187830817,0.97
1896,0.10637971008565131,C,1.0731883187830817,0.97
1915,0.13028653790465458,C,0.3503888267504429,0.31
1930,0.20353785070985714,C,0.03610613552129571,0.03
1933,0.20513619930517166,C,0.03615408597915515,0.03
1950,0.4031527819868588,C,0.017905416540394237,0.03
1959,0.12455066823892129,P,4.683653924921771,5.35
1985,0.12447397969724933,P,16.85387589082795,19.25
2025,0.13426544825163383,P,0.5217621061957516,0.46
2033,0.12231947060502507,P,0.5162669564783116,0.46
2039,0.1174132465551736,P,1.1174132465551736,1.0
2041,0.11502945650421736,P,1.1150294565042174,1.0
2042,0.12419940183712838,P,0.5171317248450791,0.46
2043,0.18169301559601558,P,0.24815553327516326,0.21
2044,0.11313400031613696,P,1.113134000316137,1.0
2051,0.11170468774864162,P,1.1117046877486416,1.0
2052,0.11170468774864162,P,1.1117046877486416,1.0
2058,0.12831603546728243,P,0.5190253763149499,0.46
2059,0.13204587016697966,P,1.10940495276364,0.98
2060,0.1146494046428046,P,1.1146494046428046,1.0
2061,0.11900657150232143,P,0.5147430228910679,0.46
2063,0.12363759017467675,P,0.5168732914803513,0.46
2071,0.10395654942303718,P,0.5188595782288274,0.47
2075,0.106414942625827,C,0.1880905402463906,0.17
2082,0.19371726160960298,C,0.8465968753099169,1.05
2087,0.13330231230767597,C,0.07933116186153732,0.07
2091,0.10759850088769599,P,0.5094953104083402,0.46
2099,0.12113230430553189,P,0.5185319404597362,0.59
2106,0.11794273875858605,P,0.5030742324413637,0.45
2112,0.1153590152693324,P,0.5019115568711996,0.45
2113,0.1153590152693324,P,0.5019115568711996,0.45
2114,0.11634902299368827,C,1.0250351333273215,1.16
2118,0.1388268796175202,P,1.0818855356366441,0.95
2123,0.12274784026289436,P,1.0778379266523785,0.96
2129,0.10599556180415744,C,0.420182085952046,0.47
2144,0.10822431715077808,P,1.0528131012932391,0.95
2158,0.10381138785356725,C,1.066464448454255,1.19
2159,0.1026282250641303,C,1.067872412173685,1.19
2162,0.1303708831354019,P,0.12434079714489421,0.11
2163,0.1303708831354019,P,0.12434079714489421,0.11
2187,0.1330956733039503,C,0.02600712980088149,0.03
2188,0.1330956733039503,C,0.02600712980088149,0.03
2189,0.1330956733039503,C,0.02600712980088149,0.03
2233,0.21079796143836835,C,0.02367606115684895,0.03
2234,0.21079796143836835,C,0.02367606115684895,0.03
2235,0.21079796143836835,C,0.02367606115684895,0.03
2245,0.12898853735929158,C,0.033869656120778746,0.03
2258,0.3106543050164437,C,0.19301679459539578,0.28
2259,0.3106543050164437,C,0.19301679459539578,0.28
2260,0.3106543050164437,C,0.19301679459539578,0.28
2323,0.2368064595308278,C,0.022895806214075165,0.03
2358,0.14823589355343977,C,0.022964717871068796,0.02
2360,0.1165360292881262,C,4.164679389244711,3.73
2377,0.194179245857736,P,0.0597089622928868,0.05
2378,0.16166003110985946,C,0.5533043794674928,0.66
2419,0.11084190306230618,P,7.344445880705351,8.26
2420,0.14291266674607891,P,5.365366706169546,6.26
2425,0.1630541559240378,P,1.0294433882134335,1.23
2464,0.1222474931195893,P,1.650174712935172,1.88
2473,0.40736603891649986,P,0.070368301945825,0.05
2490,0.2588751765830532,P,0.4154288082724076,0.33
2491,0.20848440564229614,P,0.5800725147083021,0.48
2508,0.3730269950152377,P,4.206988863447755,6.71
2509,0.12056521297786209,P,0.6723391277867172,0.6
2566,0.12184534844341763,P,0.022436906968868353,0.02
2620,0.10881530877934596,P,0.8648759408478899,0.78
2628,0.16273697977809978,P,9.628524732551853,11.5
2648,0.4044896245296811,C,0.028089792490593624,0.02
2649,0.4044896245296811,C,0.028089792490593624,0.02
2697,0.12492327317861014,P,5.442977240829045,6.22
2699,0.1834505024061519,P,11.472520441193566,14.05
2737,0.10274593683109456,C,0.3859610778908831,0.35
2751,0.27036004030600425,C,8.82900228012673,6.95
2769,0.33956394114587146,C,0.10716511529166972,0.08
2785,0.12346235214294861,C,0.38197719972860256,0.34
2810,0.4886311406745842,C,0.05625057452579574,0.11
2849,0.11025650167841007,C,15.876667974001265,14.3
2873,0.14171548292032377,P,0.4634736392230252,0.54
2940,0.3718422547130515,C,0.02743684509426103,0.02
2989,0.12175075175028388,C,0.08782492482497162,0.1
3069,0.11135304162056918,P,6.353825752412931,7.15
3105,0.12856425341152805,P,11.459380067638406,13.15
3140,0.10117871741867521,P,0.5303045567229816,0.59
3157,0.20038682812264763,C,0.10394971234405581,0.13
3176,0.12526570116329658,C,0.10127391310469669,0.09
3177,0.10562014298297372,C,0.3759108486142111,0.34
3192,0.14731855317575784,C,0.19504415403987885,0.17
3194,0.10274646950791172,C,0.4521260524982438,0.41
3198,0.10438654770582474,C,0.37549142621998044,0.34
3201,0.10656034731528713,C,0.37623051808719765,0.34
3202,0.10656034731528713,C,0.37623051808719765,0.34
3236,0.13582322828409288,C,3.8050078147517112,3.35
3297,0.12965137860713338,P,0.20018018292035933,0.23
3298,0.12965137860713338,P,0.20018018292035933,0.23
3334,0.11134205513852395,P,3.15473570425824,3.55
3346,0.14247320924709503,C,0.02572580372258715,0.03
3347,0.14247320924709503,C,0.02572580372258715,0.03
3348,0.14247320924709503,C,0.02572580372258715,0.03
3349,0.14247320924709503,C,0.02572580372258715,0.03
3350,0.14247320924709503,C,0.02572580372258715,0.03
3351,0.14247320924709503,C,0.02572580372258715,0.03
3364,0.11006318057647044,C,0.35522021778447055,0.32
3371,0.22418725600281772,C,0.09793498048022542,0.08
3379,0.2983256382836658,C,2.5706847638016583,1.98
3381,0.2983256382836658,C,2.5706847638016583,1.98
3405,0.284470720921238,P,0.3339623874395219,0.26
3415,0.10652602620057251,P,2.600009263756334,2.91
3423,0.14615613394322574,P,0.11461561339432258,0.1
3439,0.48738050662304655,C,0.041009559470156276,0.08
3447,0.46124952288387666,C,0.005387504771161233,0.01
3488,0.11370186939117978,C,0.07090385044870562,0.08
3509,0.15979983730375572,P,13.88850868936892,16.53
3522,0.2859423221091547,C,2.5461657977761263,1.98
3558,0.22918434531589063,C,0.015416313093682188,0.02
3598,0.20186370265183348,C,2.367671494224112,1.97
3622,0.1178862704853306,P,3.1050403278916363,3.52
3638,0.1104788070912752,C,0.08883830456730202,0.08
3782,0.11369506976497383,C,0.42320412651069006,0.38
3801,0.13441155819110412,C,0.3403234674573312,0.3
3808,0.14904106771647577,C,0.03403835729134097,0.04
3827,0.12360002037751394,C,0.33708000611325417,0.3
3830,0.11064497397069134,C,0.11106449739706914,0.1
3833,0.4062761956885108,P,0.23906695326704686,0.17
3841,0.1336253693887612,C,0.32875135712274073,0.29
3842,0.13382359832017568,P,0.5283676050246928,0.61
3843,0.10145539381863611,C,0.40753849571289535,0.37
3882,0.11313946396088854,P,5.640433009208749,6.36
3899,0.16386132016041982,P,0.06983167920962519,0.06
3900,0.16386132016041982,P,0.06983167920962519,0.06
3901,0.16386132016041982,P,0.06983167920962519,0.06
3906,0.18276324265555274,C,0.07096579455933316,0.06
3913,0.12299436154070051,C,0.2695186467697681,0.24
3914,0.12299436154070051,C,0.2695186467697681,0.24
3915,0.12299436154070051,C,0.2695186467697681,0.24
3916,0.12299436154070051,C,0.2695186467697681,0.24
3917,0.12299436154070051,C,0.2695186467697681,0.24
3918,0.12299436154070051,C,0.2695186467697681,0.24
3919,0.12299436154070051,C,0.2695186467697681,0.24
3920,0.12299436154070051,C,0.2695186467697681,0.24
3921,0.12299436154070051,C,0.2695186467697681,0.24
3958,0.1825055414611793,C,0.08277538790228256,0.07
3997,0.401147162932972,P,0.8406882977597832,0.6
4030,0.12428325636198538,C,0.026271502309140438,0.03
4072,0.13125039603818384,P,5.90749730694035,6.8
4073,0.1505052434522437,P,12.045835647847184,14.18
4107,0.7784111873144226,P,0.6224439155600479,0.35
4117,0.16218457519970714,P,8.378154248002929,10.0
4150,0.10973173553989658,C,0.07122146115680827,0.08
4156,0.22100810557187656,C,0.023369756832843702,0.03
4166,0.12194265757324389,C,0.21073376218242146,0.24
4177,0.12671683123341118,C,0.07887017818633879,0.07
4181,0.12397599555522218,P,3.810704419334783,4.35
4186,0.193252010816964,P,0.44371139405066984,0.55
4187,0.3858172780290828,P,0.4913461775767338,0.8
4240,0.20837569613504134,P,0.1266598886183934,0.16
4245,0.13754271715878716,P,12.117524823919041,14.05
4250,0.20837569613504134,P,0.1266598886183934,0.16
4259,0.1421389875792813,P,0.06852833925475688,0.06
4268,0.3049092169892633,C,8.286173527881822,6.35
4271,0.2789880051444717,C,3.1591003727068454,2.47
4273,0.16851185373876854,C,0.2743910882662064,0.33
4282,0.4283415522536709,C,0.09998390865775697,0.07
4292,0.512867685914419,C,0.00974264628171162,0.02
4300,0.17005736495684737,C,0.16598852700863054,0.2
4301,0.11497890000893435,C,0.17700421999821314,0.2
4303,0.3229286927130701,C,0.16926782682173247,0.25
4305,0.13367539576690127,C,0.3514393726877394,0.31
4306,0.3619600462130279,C,0.15950998844674302,0.25
4307,0.3619600462130279,C,0.15950998844674302,0.25
4308,0.3619600462130279,C,0.15950998844674302,0.25
4309,0.3619600462130279,C,0.15950998844674302,0.25
4310,0.3619600462130279,C,0.15950998844674302,0.25
4319,0.3042923020991619,C,0.16696984749620114,0.24
4325,0.4955738771374221,C,0.10469017139961956,0.07
4326,0.4955738771374221,C,0.10469017139961956,0.07
4327,0.16963506528918007,C,0.1328583895537312,0.16
4336,0.5395126704184174,C,0.009209746591631651,0.02
4337,0.7665542412956322,P,0.6536250692793839,0.37
4344,0.15696539359504413,C,0.3586592720144637,0.31
4355,0.23663179671513734,C,0.08656422577005962,0.07
4364,0.3396634188128994,C,0.15848077948490413,0.24
4365,0.3396634188128994,C,0.15848077948490413,0.24
4367,0.33016066238837816,C,0.16076144102678924,0.24
4368,0.33016066238837816,C,0.16076144102678924,0.24
4369,0.33016066238837816,C,0.16076144102678924,0.24
4371,0.17777224055126767,C,11.777722405512677,10.0
4375,0.5481150504624046,C,0.10836805353236834,0.07
4378,0.17786290619094985,C,11.778629061909498,10.0
4387,0.10653396570958115,C,1.0622726070811979,0.96
4418,0.14853154414223768,P,0.8728839735481007,0.76
4432,0.3837738871821352,P,0.3182679940518911,0.23
4455,0.1557392914954495,C,16.180350080936293,14.0
4458,0.1557392914954495,C,16.180350080936293,14.0
4474,0.21563560972546733,C,0.8509449268078271,0.7
4488,0.11562659349157846,C,0.23878081975727383,0.27
4489,0.11562659349157846,C,0.23878081975727383,0.27
4490,0.11562659349157846,C,0.23878081975727383,0.27
4491,0.11562659349157846,C,0.23878081975727383,0.27
4492,0.11562659349157846,C,0.23878081975727383,0.27
4493,0.11562659349157846,C,0.23878081975727383,0.27
4494,0.11562659349157846,C,0.23878081975727383,0.27
4495,0.11562659349157846,C,0.23878081975727383,0.27
4498,0.10108834497680383,C,0.8359878391715725,0.93
4499,0.11065830931386739,C,0.8270877723381034,0.93
4524,0.11100161105588252,C,2.3886534637701473,2.15
4526,0.15149957567197692,C,0.08060497029703839,0.07
4528,0.7054489619251619,C,0.008836531142245141,0.03
4559,0.1079794940586459,C,0.8384992755848728,0.94
4560,0.10483796981453075,C,0.24169374815007671,0.27
4566,0.10065575165353813,C,0.8363901509622096,0.93
4567,0.12560054357600045,C,0.2360878532344799,0.27
4589,0.18275288261644987,P,11.073698440547105,13.55
4654,0.12308666887424019,C,0.4492346675496961,0.4
4655,0.12308666887424019,C,0.4492346675496961,0.4
4656,0.12308666887424019,C,0.4492346675496961,0.4
4657,0.12308666887424019,C,0.4492346675496961,0.4
4662,0.2742173257273981,C,0.16693001508269845,0.23
4715,0.1320563074270063,P,0.07924394151989045,0.07
4719,0.11262935201669971,P,0.07788405464116899,0.07
4723,0.10887402685144446,P,1.1864952087310456,1.07
4734,0.26309317805277654,P,0.05052372712211106,0.04
4735,0.26309317805277654,P,0.05052372712211106,0.04
4736,0.26309317805277654,P,0.05052372712211106,0.04
4737,0.26309317805277654,P,0.05052372712211106,0.04
4738,0.26309317805277654,P,0.05052372712211106,0.04
4749,0.5455167379273235,C,0.013634497862180295,0.03
4753,0.17071321260483463,P,0.05805007511766158,0.07
4755,0.13272716142392854,C,2.1635088783197034,1.91
4762,0.10822385148895673,P,3.406584887312185,3.82
4766,0.10895264779996064,P,4.76710333427021,5.35
4767,0.10873018104075513,P,3.395738010234723,3.81
4774,0.13320887223843195,P,0.06934329022092545,0.08
4775,0.13320887223843195,P,0.06934329022092545,0.08
4777,0.12540830428734995,C,0.315114325200458,0.28
4784,0.1075566007675532,C,5.637463097906846,5.09
4795,0.1373622159977562,C,5.743679190788669,5.05
4827,0.4825289737123919,P,0.12419304630902595,0.24
4858,0.19035032363867074,C,0.07142101941832024,0.06
4867,0.19831868118919815,P,3.880137583044281,4.84
4907,0.3163300789467717,C,0.3685724221050961,0.28
4909,0.3163300789467717,C,0.3685724221050961,0.28
4911,0.3163300789467717,C,0.3685724221050961,0.28
4916,0.3163300789467717,C,0.3685724221050961,0.28
4931,0.2714846333000759,C,0.9154689359760546,0.72
4932,0.2714846333000759,C,0.9154689359760546,0.72
4964,0.10495149377336334,C,0.07160388049813093,0.08
4965,0.11482289121613666,C,0.017703542175677267,0.02
5046,0.11056438950122117,P,0.14230969767980461,0.16
5055,0.1300537685644375,C,0.44072096974013064,0.39
5085,0.11847811702181314,C,29.56137663288652,26.43
5089,0.11156451600067918,C,0.32235370964019694,0.29
5092,0.12543568038256905,P,1.6266896344884216,1.86
5093,0.12543568038256905,P,1.6266896344884216,1.86
5171,0.3456082783208405,C,0.019631751650374785,0.03
5173,0.31019113485108163,C,0.02069426595446755,0.03
5212,0.10270116731489234,P,3.49946544747192,3.9
5221,0.29149401794889285,C,0.1700414356922657,0.24
5229,0.15799447434728364,P,0.2105013814131791,0.25
5230,0.15799447434728364,P,0.2105013814131791,0.25
5231,0.15799447434728364,P,0.2105013814131791,0.25
5232,0.12291091077842042,P,0.2105013814131791,0.24
5249,0.2723756256070825,P,7.349006181368466,10.1
5257,0.11861653273871896,C,0.07830315729171033,0.07
5259,1.2127892549871577,C,0.4646857435473031,0.21
5260,1.2127892549871577,C,0.4646857435473031,0.21
5276,0.2644609000033882,C,0.051487736999762834,0.07
5277,0.2644609000033882,C,0.051487736999762834,0.07
5321,0.1416809385691178,P,0.28324529027219114,0.33
5326,0.11700650155778379,P,1.2273609628346804,1.39
5330,0.13896500449301508,C,0.740490096136007,0.86
5331,0.13896500449301508,C,0.740490096136007,0.86
5332,0.32175377475765804,C,0.18990894306785577,0.28
5333,0.13896500449301508,C,0.740490096136007,0.86
5353,0.17847784241466685,C,0.11784778424146669,0.1
5359,0.6658128159173262,C,0.006683743681653476,0.02
5390,0.10912175946304156,P,0.15144930089128295,0.17
5426,0.3070271851823616,C,0.020789184444529152,0.03
5432,0.24788891470517346,C,0.022563332558844795,0.03
5435,0.13052704206501417,C,0.06783162252390085,0.06
5436,0.11532403240281712,P,0.4511847434745633,0.51
5437,0.137795857097273,P,0.7242514800382907,0.84
5461,0.1020818457134614,C,1.1241234826277307,1.02
5462,0.28804973464237327,C,0.0213585079607288,0.03
5463,0.28804973464237327,C,0.0213585079607288,0.03
5464,0.28804973464237327,C,0.0213585079607288,0.03
5465,0.28804973464237327,C,0.0213585079607288,0.03
5466,0.28804973464237327,C,0.0213585079607288,0.03
5478,0.19119548826712865,C,0.08338368417869901,0.07
5480,0.18743584636882907,C,0.08312050924581804,0.07
5502,0.17425971524353542,C,0.08219818006704749,0.07
5507,0.11112418001450186,C,0.026666274599564943,0.03
5519,0.4283916726218981,C,0.028567833452437963,0.02
5523,0.19875171891740592,C,0.08391262032421842,0.07
5598,0.12225336246736249,P,0.179560537994778,0.16
5599,0.12225336246736249,P,0.179560537994778,0.16
5609,0.9959484171791757,C,0.00016206331283297182,0.04
5612,0.20826884525873712,C,0.08457881916811161,0.07
5613,0.20826884525873712,C,0.08457881916811161,0.07
5614,0.20826884525873712,C,0.08457881916811161,0.07
5615,0.20826884525873712,C,0.08457881916811161,0.07
5631,0.2149444068002208,P,3.1166707050031235,3.97
5652,0.16827288082558672,P,2.303884120113125,2.77
5687,0.43904067180852624,C,0.08634244030851157,0.06
5688,0.10244580004120069,C,0.4409783200164803,0.4
5691,0.10244580004120069,C,0.4409783200164803,0.4
5706,0.13676766324575865,C,0.07957373642720311,0.07
5718,0.2022681475425146,C,0.08415877032797603,0.07
5792,0.12096216444938135,C,0.02637113506651856,0.03
5802,0.11715963492333263,P,0.3351478904769998,0.3
5834,0.34642546172388794,P,0.10771403693791104,0.08
5911,0.2249060248743969,P,1.4416747937336218,1.86
5912,0.2631597797659299,P,2.4020991179630684,3.26
5914,0.10859568800002847,P,0.5321259302400136,0.48
5915,0.10859568800002847,P,0.5321259302400136,0.48
5916,0.10859568800002847,P,0.5321259302400136,0.48
5917,0.10859568800002847,P,0.5321259302400136,0.48
5939,0.1289930046222247,P,4.703437775039987,5.4
5944,0.6621582753397073,C,0.006756834493205854,0.02
5950,0.13390345850198837,C,5.748890534605081,5.07
5951,0.13614437442788177,C,5.748890534605081,5.06
5959,0.12856245320145288,C,0.8540087958625762,0.98
5966,0.1195785609664163,C,0.8540087958625762,0.97
5967,0.12556295444977822,C,0.8482039341837151,0.97
5970,0.1438247409673207,C,0.8390517538520257,0.98
5971,0.1438247409673207,C,0.8390517538520257,0.98
5979,0.12674757777777398,C,0.838322325333337,0.96
5984,0.13532852028275794,C,0.8300846205285524,0.96
5985,0.13532852028275794,C,0.8300846205285524,0.96
5989,0.1355233667296361,C,0.1703285050094454,0.15
5990,0.12059002413439958,C,0.8354394770723204,0.95
5993,0.12059002413439958,C,0.8354394770723204,0.95
6004,0.10290541496289066,P,1.157252014697871,1.29
6037,0.14579650173740466,P,9.396238480888549,11.0
6042,0.25976793565293343,P,0.10078143485223467,0.08
6049,0.11306085008602522,C,0.3227876465249473,0.29
6050,0.15782551579422677,C,5.800705834129076,5.01
6060,0.27591474440405855,C,0.12759147444040586,0.1
6087,0.1343125884497858,C,0.3062643988814422,0.27
6094,0.29373404454347596,C,4.036450218975645,3.12
6126,0.15312183875545352,P,0.6859713106080827,0.81
6131,0.15312183875545352,P,0.6859713106080827,0.81
6132,0.13168188530622446,P,0.6859713106080827,0.79
6133,0.15312183875545352,P,0.6859713106080827,0.81
6142,0.15312183875545352,P,0.6859713106080827,0.81
6157,0.1428660287642572,C,5.714330143821286,5.0
6166,0.10578507421318033,C,0.4091404774588767,0.37
6173,0.11653281143276291,P,7.553644462249878,8.55
6174,0.14381741802992523,P,5.522377653706982,6.45
6175,0.11653281143276291,P,7.553644462249878,8.55
6178,0.19765206719236075,P,3.089039541309411,3.85
6182,0.12637686326110048,C,0.16895652948916506,0.15
6184,0.21778860973494918,P,4.810600050130063,6.15
6185,0.2090004203941825,P,4.864647414575778,6.15
6195,0.18848757470226649,P,3.8952596414291207,4.8
6197,0.18848757470226649,P,3.8952596414291207,4.8
6203,0.20998975317621904,C,0.23700307404713428,0.3
6205,0.4847363794207209,C,2.8061517571051624,1.89
6231,0.31892985683634434,P,2.2815849795982466,3.35
6243,0.11717437068601205,P,0.0882825629313988,0.1
6245,0.1207113825951503,P,0.3025920733006906,0.27
6246,0.10353203664248498,P,0.0882825629313988,0.08
6247,0.12167950697117377,P,0.0897343605576939,0.08
6270,0.11974789234701319,C,0.16796218385205197,0.15
6271,0.46414491166639854,C,0.043924347349991955,0.03
6328,0.139203653385412,C,2.2328391606354074,1.96
6330,0.12490273114407942,C,5.680758792277601,5.05
6340,0.37607529599434086,P,0.037435482240339546,0.06
6387,0.12275708036103004,C,7.028459323060048,6.26
6391,0.11426654346617854,C,0.3542933826135286,0.4
6452,0.10348883100055076,P,0.5848490804302919,0.53
6468,0.1291328737447704,C,0.026126013787656888,0.03
6469,0.1291328737447704,C,0.026126013787656888,0.03
6470,0.1291328737447704,C,0.026126013787656888,0.03
6471,0.1291328737447704,C,0.026126013787656888,0.03
6472,0.1291328737447704,C,0.026126013787656888,0.03
6497,0.37260801639345514,P,7.8423997950818105,12.5
6530,0.27092802563661245,C,2.452891089478662,1.93
6569,0.17347141240439912,P,0.5045927073338916,0.43
6586,0.20516730715714002,C,0.0964133845725712,0.08
6587,0.20516730715714002,C,0.0964133845725712,0.08
6588,0.20516730715714002,C,0.0964133845725712,0.08
6589,0.20516730715714002,C,0.0964133845725712,0.08
6590,0.20516730715714002,C,0.0964133845725712,0.08
6596,0.10388914550399521,P,0.5850612471171175,0.53
6598,0.16604718332429508,C,15.974846411542842,13.7
6608,0.12866129468917323,P,2.5181688583482895,2.89
6631,0.18651897997054567,C,14.534857504639184,12.25
6654,0.1082132454363066,C,0.27645389391474495,0.31
6665,0.17963226901321497,P,2.3872700971715446,2.91
6674,0.17429473957535557,P,0.4932037906216493,0.42
6702,0.10587529490232135,P,0.5861139062982303,0.53
6703,0.10587529490232135,P,0.5861139062982303,0.53
6704,0.10587529490232135,P,0.5861139062982303,0.53
6705,0.1239668229822109,P,0.07867767760875477,0.07
6726,0.15129995791571502,C,5.871629785370146,5.1
6730,0.2252755093682843,P,0.024505510187365687,0.02
6746,0.3195008057645323,P,0.006804991942354677,0.01
6747,0.15801587983312976,P,0.13896190557997556,0.12
6748,0.15801587983312976,P,0.13896190557997556,0.12
6749,0.15801587983312976,P,0.13896190557997556,0.12
6760,0.14820474188416585,C,0.3329793751464081,0.29
6765,0.15208152861580967,C,0.12718777070762854,0.15
6785,0.21699228787524036,C,0.09735938303001923,0.08
6792,0.10222009332626486,C,0.44088803733050597,0.4
6793,0.1753142287686328,C,0.3290879840552172,0.28
6804,0.12411198519773711,P,8.715085747282515,9.95
6828,0.21791319871726378,C,2.2409602856397655,1.84
6836,0.42949787803162925,C,1.5295627294938434,1.07
6861,0.14305599763372226,C,0.13711104037860444,0.16
6862,0.13476431605200903,P,0.499296299062884,0.44
6867,0.22713720181144567,C,0.09817097614491566,0.08
6868,0.22713720181144567,C,0.09817097614491566,0.08
6869,0.18811609726827366,P,0.08316812680877916,0.07
6875,0.12436734397347579,C,0.08994938751787807,0.08
6877,0.38027723614037967,C,0.5453560321964659,0.88
6888,0.10111511215257428,C,3.9640144037492675,3.6
6889,0.10111511215257428,C,3.9640144037492675,3.6
6905,0.30332977192718613,P,1.8183092952700441,2.61
6923,0.23854481998047244,C,0.08669813739863308,0.07
6925,0.2335708369350923,C,3.984433803300348,3.23
6926,0.2335708369350923,C,3.984433803300348,3.23
6939,0.13136163646104618,C,0.13898213816623262,0.16
6951,0.49948142428353126,C,0.005005185757164687,0.01
6959,0.1731877869304551,P,0.3167607024712229,0.27
6978,0.1344403995495744,C,0.011344403995495744,0.01
6998,0.24618344824705127,C,0.0996946758597641,0.08
7000,0.2116159208198021,C,0.3513686170377426,0.29
7005,0.10769022463990029,C,1.2184592471038904,1.1
7014,0.16710947767080211,P,0.24153825147546737,0.29
7019,0.5386298296257817,C,0.030772596592515633,0.02
7030,0.1063031234001902,C,0.8076012800821388,0.73
7036,0.1307723927510782,C,0.09046179142008626,0.08
7037,0.1307723927510782,C,0.09046179142008626,0.08
7038,0.1307723927510782,C,0.09046179142008626,0.08
7039,0.21681864383629737,C,0.3528774067125262,0.29
7043,0.200512613525311,C,0.08403588294677178,0.07
7104,0.257772878109618,C,0.17813450925369168,0.24
7140,0.11435855599099382,P,1.6207238425364814,1.83
7141,0.11435855599099382,P,1.6207238425364814,1.83
7146,0.1025529012712935,C,0.3087148123559622,0.28
7150,0.10876679931013088,P,4.7680976236907995,5.35
7151,0.10796916314335711,P,3.389717180055243,3.8
7162,0.10738191299819341,C,0.9744960834384102,0.88
7165,0.9115563459341748,C,0.13380894421539224,0.07
7178,0.1173815158381628,C,0.9721219187792016,0.87
7179,0.1173815158381628,C,0.9721219187792016,0.87
7199,0.11565635535377876,P,3.908798909336298,4.42
7200,0.10869068691630754,C,0.29934648546740306,0.27
7213,0.12018655630983233,P,0.2800466390774581,0.25
7214,0.24948564074775884,C,0.015010287185044824,0.02
7217,0.17592125637422382,C,0.3057395266572982,0.26
7231,0.11954198110582205,C,0.302276334898572,0.27
7232,0.25411560543078343,C,0.0376234681629235,0.03
7250,0.24142655527802895,C,0.06827161002497739,0.09
7271,0.11100446505186545,C,1.4109756706158691,1.27
7273,0.42581290253211973,C,0.014258129025321198,0.01
7274,0.42581290253211973,C,0.014258129025321198,0.01
7297,0.12094600378083153,C,0.15693244052931643,0.14
7318,0.13300173130118947,C,0.12137975761783348,0.14
7319,0.13300173130118947,C,0.12137975761783348,0.14
7320,0.13300173130118947,C,0.12137975761783348,0.14
7328,0.12994705060334621,C,0.2436148258310631,0.28
7343,0.10670070189682407,P,3.9305169116539744,4.4
7344,0.10670070189682407,P,3.9305169116539744,4.4
7368,0.5240477728946316,P,2.141785021974158,4.5
7369,0.3177643152400715,P,3.0700605814196784,4.5
7397,0.5007930473181198,C,1.6058485606303883,1.07
7401,0.21392782163182383,C,0.060696391081591194,0.05
7403,0.21173594453100714,C,0.06058679722655036,0.05
7421,0.2584935332649344,P,0.08156571134085722,0.11
7438,0.14355053247978813,P,3.040395609696752,3.55
7467,0.50306151104752,C,1.6082758168208464,1.07
7468,0.6144781590035562,C,1.7274916301338052,1.07
7491,0.14056897289507123,C,0.0687544821683943,0.08
7492,0.1114357433019011,C,0.008885642566980989,0.01
7493,0.4477574791674146,C,0.04417940166660683,0.08
7505,0.1829205581780134,P,0.0709752334906808,0.06
7517,0.1128238642832769,P,0.4562577843561435,0.41
7530,0.19053353408475687,P,11.413477169404928,14.1
7531,0.19053353408475687,P,11.413477169404928,14.1
7596,0.26585139504421823,C,0.05139040234690473,0.07
7603,0.10554979899444757,C,16.03047208541949,14.5
7623,0.17986179756163587,P,0.07079170785369815,0.06
7624,0.17986179756163587,P,0.07079170785369815,0.06
7636,0.14392282239808024,P,0.06863536934388481,0.06
7637,0.14392282239808024,P,0.06863536934388481,0.06
7638,0.14392282239808024,P,0.06863536934388481,0.06
7639,0.14392282239808024,P,0.06863536934388481,0.06
7644,0.11783519184659891,C,3.5770726139091167,3.2
7675,0.13480873091251455,C,15.433398740410198,13.6
7710,0.15172788276432778,P,6.998244967194296,8.25
7711,0.15172788276432778,P,6.998244967194296,8.25
7716,0.13087013540911524,C,0.07916090947863808,0.07
7719,0.14227019183754655,C,0.38837186522476586,0.34
7730,0.12932887632301737,C,3.0717745435986075,2.72
7738,0.42769618525213793,C,2.0701594686156,1.45
7748,0.21457985058251716,C,5.2226933575048236,4.3
7762,0.12302686302064567,C,21.562115769996396,19.2
7763,0.12302686302064567,C,21.562115769996396,19.2
7794,0.1464162038228471,P,0.25221156484102636,0.22
7799,0.12018162228336009,P,0.24643995690233922,0.22
7804,0.1028287578665956,C,0.06616972547199573,0.06
7805,0.10079030394421996,C,24.503592165798338,22.26
7883,0.19346091829286713,C,33.72720555095643,28.26
7890,0.2912632642898981,C,4.3902950985856535,3.4
7891,0.1195507723920527,C,0.3134742162697748,0.28
7897,0.10181009595632007,C,0.0661086057573792,0.06
7909,0.18292676113642317,P,16.50487942504425,20.2
7914,0.10888108602431791,P,0.24395383892534994,0.22
7946,0.16888374431445266,P,9.848727629873736,11.85
7947,0.16888374431445266,P,9.848727629873736,11.85
7948,0.16888374431445266,P,9.848727629873736,11.85
7992,0.1431095350722349,C,0.41151943262600454,0.36
7996,0.11522920050168103,P,0.06691375203010086,0.06
7999,0.18468793785282972,C,0.024459361864415108,0.03
8000,0.18468793785282972,C,0.024459361864415108,0.03
8001,0.18468793785282972,C,0.024459361864415108,0.03
8013,0.32540666912691735,P,8.972091300612,13.3
8017,0.10647020550253804,P,0.8077232500168527,0.73
8043,0.19044795591415867,P,16.352951290533994,20.2
8055,0.10009310136459387,P,0.4620391025731294,0.42
8056,0.10009310136459387,P,0.4620391025731294,0.42
8069,0.28465844639446214,C,21.26109728782835,16.55
8087,0.11389225215603284,P,0.008861077478439672,0.01
8100,0.17601187237010849,C,0.02352023744740217,0.02
8127,0.29596942752723676,P,0.3731362034105645,0.53
8133,0.4212043705374794,C,0.5826937919203665,0.41
8167,3.6482113757353303,C,0.2788926825441198,0.06
8174,0.11894618768458207,P,2.546245517591558,2.89
8175,2.779873822390099,C,0.26459116756730694,0.07
8209,0.1169260131676648,C,0.39092410460868265,0.35
8227,0.2510814239471893,C,0.11259732815524703,0.09
8235,0.10721792592464632,C,0.6754029348140342,0.61
8279,0.1816446953453888,C,36.57190332093978,30.95
8283,0.21322895560792016,C,0.023603131331762395,0.03
8284,0.1756908887247721,C,0.08229836221073406,0.07
8316,0.12286729693043487,P,5.8767891105660865,6.7
8317,0.12286729693043487,P,5.8767891105660865,6.7
8338,0.10402060501770904,C,0.27600515125442726,0.25
8348,1.5958088352674988,C,0.10383235341069996,0.04
8402,0.14438067933834473,C,0.38908943097503723,0.34
8462,0.12662170395799155,P,0.23659055783117822,0.21
8482,0.10389308136425557,C,11.171397983406266,10.12
8490,0.42297011268160667,C,0.1557980695759662,0.27
8493,0.5010501633369829,C,0.05987398039956204,0.12
8494,0.2787228595421419,C,0.021638314213735743,0.03
8515,0.13881050738143333,P,0.4736542209402117,0.55
8531,0.10315513149422242,C,0.28682033418849784,0.26
8537,0.16980264574375428,C,0.008301973542562457,0.01
8540,0.1621906037636058,C,0.06973143622581635,0.06
8555,0.10208339300112161,C,0.38572918755039254,0.35
8556,0.2978745993828256,C,0.16851009614812185,0.24
8574,0.11726056288573487,P,11.784571485475439,13.35
8575,0.11726056288573487,P,11.784571485475439,13.35
8612,0.10451187219930966,C,0.022090237443986194,0.02
8620,0.10246501491520892,C,0.3858627552203231,0.35
8635,0.2972346515912947,P,0.025944693031825894,0.02
8640,0.3444936963132203,P,0.026889873926264407,0.02
8649,0.15011754338359867,P,0.1274823684924602,0.15
8662,0.6180034734118203,C,0.011459895797645392,0.03
8663,0.549512662199402,C,0.00450487337800598,0.01
8664,0.6849253874794838,C,0.0031507461252051616,0.01
8668,0.1825828733578244,C,0.08991588393063932,0.11
8677,0.19183309890949612,P,11.920461791084932,14.75
8678,0.18717426389749295,C,0.06502605888820057,0.08
8709,0.35659037173862895,C,0.012868192565227421,0.02
8712,0.2868192565227421,C,0.012868192565227421,0.01
8715,0.2868192565227421,C,0.012868192565227421,0.01
8718,0.21546406017711092,C,0.07292784361062665,0.06
8728,0.22099284485936252,C,0.07325957069156175,0.06
8770,0.38328443328408673,C,0.08634017934022786,0.14
8782,0.23935865939239595,C,0.02281924021822812,0.03
8791,0.13820299453191645,C,1.3316975036023422,1.17
8796,0.19179365975379079,P,0.0969847608295451,0.12
8844,0.25894197837228855,C,0.0881259384860602,0.07
8845,0.25894197837228855,C,0.0881259384860602,0.07
8854,2.6706206728037083,C,0.7708303412887787,0.21
8912,0.14874140959963542,P,13.23707108072567,15.55
8926,0.10395526819006307,P,0.27598881704751577,0.25
8927,0.35413359714178605,P,0.10333862445731423,0.16
8934,0.33260039967191646,P,0.05339196802624668,0.08
8991,0.2792908924753909,C,0.06396454462376955,0.05
9006,0.46646599243294895,P,0.30795785841091927,0.21
9007,0.12251729531847713,C,0.29185449678280406,0.26
9027,0.43679341467114935,C,0.20115107805396093,0.14
9033,0.19098570971484138,P,0.13100842806863255,0.11
9045,0.2560901395846185,C,1.0637911003939955,1.43
9046,0.2561044679455498,C,1.0637706108378637,1.43
9058,0.2732186867456665,C,1.0392972779536969,1.43
9086,0.23194093841410884,C,0.061597046920705445,0.05
9115,0.12339278293954734,P,0.044935711317581895,0.04
9119,0.16986808419365484,P,9.214464265450431,11.1
9138,0.34522603332202223,P,0.026904520666440446,0.02
9189,0.1707071987920789,P,0.05805049608455448,0.07
9211,0.10485234110646414,C,0.07161181271148287,0.08
9228,0.48242595837527935,C,0.07763610624370809,0.15
9285,0.12445458836439494,C,0.2698691012074548,0.24
9286,0.12445458836439494,C,0.2698691012074548,0.24
9287,0.10991916689216127,C,0.36627332507441324,0.33
9288,0.12445458836439494,C,0.2698691012074548,0.24
9309,0.23710631673196186,P,0.07422637900391771,0.06
9333,0.2795355380521389,C,4.094513721766845,3.2
9353,0.8588030182525417,C,0.29740848292040667,0.16
9376,0.1502774135174834,C,0.37959154646076954,0.33
9381,0.1502774135174834,C,0.37959154646076954,0.33
9384,0.221227494305227,C,0.01221227494305227,0.01
9405,0.14786443076123787,P,0.1959911809249153,0.23
9412,0.13804660609984373,P,0.19824928059703595,0.23
9414,0.13804660609984373,P,0.19824928059703595,0.23
9438,0.1361721472890353,P,0.1986804061235219,0.23
9472,0.16274582114887323,C,0.06976474926893239,0.06
9479,0.13322089408622367,P,2.3229680038489207,2.68
9568,0.10216785976656009,P,0.6374608195657423,0.71
9583,0.12081277259502261,P,0.6330148037315837,0.72
9588,0.3053609669640949,P,9.342894994332923,13.45
9589,0.2942744687057844,P,5.850464654429047,8.29
9591,0.31625914535691285,P,0.039487774360707384,0.03
9597,0.16574442267528744,C,0.025027667319741376,0.03
9600,0.16574442267528744,C,0.025027667319741376,0.03
9603,0.16574442267528744,C,0.025027667319741376,0.03
9612,0.24595895781598845,P,0.007540410421840116,0.01
9620,0.26605867400593936,P,7.339413259940606,10.0
9651,0.11972518079809918,P,0.15844946745634214,0.18
9652,0.11972518079809918,P,0.15844946745634214,0.18
9653,0.10610101069653992,P,5.819282420365525,6.51
9676,0.13480394180565744,P,0.1643872510569251,0.19
9698,0.14497041675009373,C,0.2518934916850206,0.22
9699,0.33573872245061376,C,2.537903572656166,1.9
9718,0.11135462090014639,C,2.056006048665271,1.85
9725,0.25490034438309367,C,1.2799983512707556,1.02
9726,0.14099352862094927,C,0.25101857629660884,0.22
9729,2.448632067935442,C,0.3448632067935442,0.1
9730,0.3923934001126785,C,0.8772078420709875,0.63
9748,0.1423027012914669,P,0.1115006488321093,0.13
9801,0.3400481167816563,C,0.37617257343445587,0.57
9840,0.13194419829936674,C,0.9027780337686586,1.04
9843,0.13103552641841465,C,0.2601381710762354,0.23
9859,0.13366581059160143,C,0.9009875569847345,1.04
9873,0.2022697255933856,P,0.048090789023735425,0.04
9883,0.131798662301664,P,0.04527194649206656,0.04
9900,0.11244528221341614,P,4.917053136537675,5.54
9924,0.1468030052194271,P,3.8991102661472183,4.57
9956,0.2945173997059916,P,2.5750114910731305,3.65
9959,0.22729741652404822,P,3.7244264523540878,4.82
9978,0.14043518499074517,C,0.8553263887430589,0.75
10007,0.19858381027352823,C,36.55680621334261,30.5
10021,0.12492315402413107,C,0.22498463080482622,0.2
10033,0.18480462910384646,P,0.1385832130523461,0.17
10057,0.11492933942904461,C,3.199847204161358,2.87
10095,0.28886458171224394,C,0.47687989523353025,0.37
10104,0.10296627324051141,P,0.7535083304779704,0.84
10112,0.23774868588282064,P,0.015245026282343588,0.02
10122,0.18519788920314936,P,13.892375989086304,17.05
10123,0.10133676887433947,P,0.296558866271468,0.33
10159,0.13780574834667073,P,0.146573022781066,0.17
10182,0.39487292675910085,C,0.5579491707036404,0.4
10219,0.47311460851825715,C,1.6351572154552656,1.11
10220,0.47311460851825715,C,1.6351572154552656,1.11
10235,0.29769927363569654,P,0.1193911234819316,0.17
10236,0.29769927363569654,P,0.1193911234819316,0.17
10237,0.29769927363569654,P,0.1193911234819316,0.17
10238,0.29769927363569654,P,0.1193911234819316,0.17
10261,0.4080175303162125,C,0.04143877287786513,0.07
10262,0.11387981285136448,C,0.43441312701203216,0.39
10263,0.14186440963334232,P,2.7031271096549716,3.15
10271,0.11075065873271188,C,0.43319275690575765,0.39
10273,0.5298721960550129,P,0.9684632761266734,2.06
10277,0.21676761920010676,P,3.916161903999466,5.0
10289,0.23985789204846591,C,0.2479715784096932,0.2
10297,0.23812238651604659,P,1.0513911066078556,1.38
10356,0.24208673650939497,P,18.18991832377452,24.0
10366,0.1882141876575114,C,0.24952497940807739,0.21
10367,0.1442655612389867,P,0.37652315305484585,0.44
10383,0.1002700928257021,P,5.056482078319554,5.62
10388,0.11119617233229137,P,6.888229664424742,7.75
10434,0.3318115736692427,C,0.3140485603754559,0.47
10456,0.15476702565157635,C,4.817827953786015,5.7
10462,0.14731567843085241,P,4.817666416865684,5.65
10497,0.12216179773769675,P,6.794467685510227,7.74
10543,0.11415920383115374,P,6.8652661703085585,7.75
10571,0.6576167704426844,C,0.010271496886719467,0.03
10572,0.6576167704426844,C,0.010271496886719467,0.03
10581,0.1347443286291004,C,0.06808465971774602,0.06
10582,0.1347443286291004,C,0.06808465971774602,0.06
10586,0.16025801409797868,C,1.253078655225817,1.08
10587,0.22757560416935368,P,1.0582214222879855,1.37
10639,0.10476431568601186,C,0.22380892107849704,0.25
10666,0.1390907345420323,C,0.7317728756392725,0.85
10667,0.1390907345420323,C,0.7317728756392725,0.85
10668,0.1390907345420323,C,0.7317728756392725,0.85
10669,0.1390907345420323,C,0.7317728756392725,0.85
10692,0.13599220340746918,C,0.06815953220444815,0.06
10720,0.18833820620266506,P,0.3089679336126929,0.26
10738,0.154190268116027,C,0.01691619463767946,0.02
10739,0.154190268116027,C,0.01691619463767946,0.02
10740,0.154190268116027,C,0.01691619463767946,0.02
10741,0.154190268116027,C,0.01691619463767946,0.02
10742,0.154190268116027,C,0.01691619463767946,0.02
10743,0.154190268116027,C,0.01691619463767946,0.02
10744,0.154190268116027,C,0.01691619463767946,0.02
10745,0.154190268116027,C,0.01691619463767946,0.02
10746,0.154190268116027,C,0.01691619463767946,0.02
10747,0.154190268116027,C,0.01691619463767946,0.02
10748,0.154190268116027,C,0.01691619463767946,0.02
10749,0.691619463767946,C,0.01691619463767946,0.01
10750,0.691619463767946,C,0.01691619463767946,0.01
10757,0.32284316456457507,C,0.18519804303904053,0.14
10758,0.32284316456457507,C,0.18519804303904053,0.14
10760,0.4494978662903134,C,0.18843472261774075,0.13
10779,0.12980831498874013,P,0.1016827483489866,0.09
10784,0.14305558042466607,C,0.01713888839150668,0.02
10785,0.14305558042466607,C,0.01713888839150668,0.02
10786,0.14305558042466607,C,0.01713888839150668,0.02
10787,0.14305558042466607,C,0.01713888839150668,0.02
10788,0.14305558042466607,C,0.01713888839150668,0.02
10789,0.14305558042466607,C,0.01713888839150668,0.02
10790,0.14305558042466607,C,0.01713888839150668,0.02
10791,0.14305558042466607,C,0.01713888839150668,0.02
10792,0.14305558042466607,C,0.01713888839150668,0.02
10794,0.36614422517782735,C,1.4617743209402754,1.07
10795,0.36614422517782735,C,1.4617743209402754,1.07
10831,0.10508229617473364,P,7.785784023279817,8.7
10850,0.10639765064468422,C,0.017872046987106316,0.02
10851,0.10639765064468422,C,0.017872046987106316,0.02
10910,0.12283733972557799,C,0.01754325320548844,0.02
10934,0.13095923522652345,C,0.01738081529546953,0.02
10935,0.13095923522652345,C,0.01738081529546953,0.02
10949,0.23396257605011386,P,7.721657233414852,10.08
10951,0.17250691990959705,P,1.100565796520236,1.33
10953,0.1329994994617714,C,0.017340010010764573,0.02
10986,0.24113483554082296,C,0.007588651644591771,0.01
10987,0.10092242429321219,C,0.06605534545759273,0.06
11009,0.2825969527561747,C,0.007174030472438253,0.01
11025,0.12844017461132815,P,0.1805504279378125,0.16
11032,0.2279659752633822,P,7.75894194860301,10.05
11033,0.21562574453129837,P,7.882961267460452,10.05
11200,0.20591661796336064,C,0.060295830898168035,0.05
11207,0.19885627112926935,C,0.05994281355646347,0.05
11225,0.15109429107412814,P,2.351468813724665,2.77
11292,0.17977415206903244,C,1.3095493087966261,1.11
11293,0.10425002965961402,C,1.2257175329221717,1.11
11294,0.10425002965961402,C,1.2257175329221717,1.11
11295,0.10425002965961402,C,1.2257175329221717,1.11
11298,0.13131808703177197,C,0.2375767982766721,0.21
11312,0.5371953700545209,C,0.009256092598909582,0.02
11315,0.16030589217380828,C,0.5290072879305008,0.63
11316,0.16030589217380828,C,0.5290072879305008,0.63
11317,0.16030589217380828,C,0.5290072879305008,0.63
11318,0.14676243882177292,C,0.5290072879305008,0.62
11319,0.16030589217380828,C,0.5290072879305008,0.63
11320,0.16030589217380828,C,0.5290072879305008,0.63
11321,0.16030589217380828,C,0.5290072879305008,0.63
11322,0.16030589217380828,C,0.5290072879305008,0.63
11348,0.20688200216571906,P,0.8724297976177091,1.1
11410,0.30358322503839824,C,0.06517916125191991,0.05
11411,0.30358322503839824,C,0.06517916125191991,0.05
11412,0.30358322503839824,C,0.06517916125191991,0.05
11422,0.14301403829467732,C,1.6002196536125481,1.4
11423,0.14301403829467732,C,1.6002196536125481,1.4
11424,0.12799730003458884,C,0.022559946000691777,0.02
11436,0.10344093129705585,C,0.7889719804585908,0.88
11446,0.4100178462466033,P,4.867352768465523,8.25
11464,0.40135099035712907,C,0.005986490096428709,0.01
11466,0.40135099035712907,C,0.005986490096428709,0.01
11477,0.3560239258043598,C,0.006439760741956402,0.01
11484,0.18805025053904487,C,0.2494905526131994,0.21
11487,0.2878652862681399,C,0.007121347137318601,0.01
11488,0.4948771481817857,P,0.07474385740908929,0.05
11511,0.2502998665183041,C,0.32237105739712923,0.43
11513,0.2502998665183041,C,0.32237105739712923,0.43
11527,0.12429738059859119,C,0.2810743451496478,0.25
11528,0.12429738059859119,C,0.2810743451496478,0.25
11531,0.12555082065522072,C,0.2813877051638052,0.25
11534,0.14139341531283378,C,0.28534835382820845,0.25
11535,0.12156178864250933,C,0.28039044716062733,0.25
11553,0.12616771453278236,P,16.34066373823697,18.7
11583,0.1193042291997622,P,1.6821289222284541,1.91
11592,0.3088791282900747,C,0.026177582565801494,0.02
11593,0.2739569377438441,P,5.989855263613286,8.25
11607,0.3871823858098819,C,0.02774364771619764,0.02
11620,0.2097703417474507,C,0.3318964564660707,0.42
11623,0.22736785083945135,C,0.31677918115582493,0.41
11625,0.22736785083945135,C,0.31677918115582493,0.41
11626,0.22736785083945135,C,0.31677918115582493,0.41
11632,0.3016362244844596,C,3.70966323978071,2.85
11633,0.3016362244844596,C,3.70966323978071,2.85
11634,0.286797013196719,C,0.299545254457378,0.42
11636,0.286797013196719,C,0.299545254457378,0.42
11638,0.3016362244844596,C,3.70966323978071,2.85
11679,0.3256343858098849,C,0.12138581055422071,0.18
11691,0.17204315209404883,P,0.046881726083761954,0.04
11692,0.17204315209404883,P,0.046881726083761954,0.04
11693,0.17204315209404883,P,0.046881726083761954,0.04
11694,0.17204315209404883,P,0.046881726083761954,0.04
11695,0.17204315209404883,P,0.046881726083761954,0.04
11696,0.17204315209404883,P,0.046881726083761954,0.04
11697,0.17204315209404883,P,0.046881726083761954,0.04
11715,0.11599553507528526,C,0.2789988837688213,0.25
11716,0.11599553507528526,C,0.2789988837688213,0.25
11764,0.15890306123406556,P,0.09252066326425279,0.11
11766,0.13835607556612756,P,0.08616439244338725,0.1
11767,0.13835607556612756,P,0.08616439244338725,0.1
11781,0.11356398098843284,P,0.08864360190115672,0.1
11782,0.11356398098843284,P,0.08864360190115672,0.1
11799,0.8559042571805536,C,0.02161436142291695,0.15
11825,0.10036903009504236,C,0.06602214180570254,0.06
11826,0.10036903009504236,C,0.06602214180570254,0.06
11827,0.10036903009504236,C,0.06602214180570254,0.06
11835,0.1754813112820897,P,1.5633901440051794,1.33
11837,0.10503094323249983,C,8.398235168566998,7.6
11955,0.6286864654552934,C,1.22151484909147,0.75
12001,0.1562549193930694,C,0.26593863146040597,0.23
12004,0.6817836430816905,C,1.8667798438206766,1.11
12028,0.1966514304686881,C,36.06707411432626,30.14
12035,0.20623251348603852,C,0.02412465026972077,0.02
12048,0.312851507683351,P,0.03938554523050053,0.03
12049,0.17870947684328928,P,0.13961938893664083,0.17
12052,0.1711343948694764,P,0.14090715287218902,0.17
12053,0.1711343948694764,P,0.14090715287218902,0.17
12063,0.5392339585332926,C,0.9851097334613073,0.64
12065,0.5392339585332926,C,0.9851097334613073,0.64
12066,0.5636662435893766,C,0.9851097334613073,0.63
12067,0.5392339585332926,C,0.9851097334613073,0.64
12068,0.5392339585332926,C,0.9851097334613073,0.64
12157,0.2662814467775748,C,0.04402311319334551,0.06
12194,0.3560971874418339,C,0.04507319687907163,0.07
12285,0.38383406842472595,P,7.849953968268991,12.74
12292,0.501771495495106,C,0.0747342756757341,0.15
12303,0.65077968061129,C,0.0034922031938871,0.01
12304,0.15616572617035723,C,0.11561657261703573,0.1
12333,0.479712377897909,C,0.08878274267387454,0.06
12340,0.21111894196728181,C,0.12111189419672819,0.1
12392,1.5021631551805035,P,0.025021631551805035,0.01
12452,0.10479005288255203,P,0.02685629841352344,0.03
12468,0.27376409051315,P,4.203421498693395,3.3
12469,0.27376409051315,P,4.203421498693395,3.3
12470,0.27376409051315,P,4.203421498693395,3.3
12498,0.17229354736509248,P,7.325202105818931,8.85
12499,0.17229354736509248,P,7.325202105818931,8.85
12517,0.10333833283720974,P,0.07173293337302322,0.08
12520,0.1015200167202605,P,3.998235925594841,4.45
12525,0.43646253264600343,P,0.8002232036426751,1.42
12541,0.14761723265730764,P,30.25958824066558,35.5
12542,0.2062654985232254,P,0.2895037196455741,0.24
12588,0.45363768317691744,C,0.24586304257038716,0.45
12589,0.6563245985202847,C,0.2815751817484484,0.17
12590,0.5442154898052189,C,0.13673535305843432,0.3
12591,0.3037503493626469,C,0.786762105220209,1.13
12620,0.10917365133296941,C,0.06655041907997816,0.06
12699,0.3435686033682904,P,0.1706721631242445,0.26
12716,0.6398488590927729,P,0.003601511409072271,0.01
12720,0.11687432562913769,C,0.052987540462251737,0.06
12723,0.11218314319108857,C,0.26692395436586125,0.24
12727,0.11064807056272079,C,1.0551156670345847,0.95
12736,0.6651467467405408,P,0.2913223303357295,0.87
12760,0.731770425899452,C,0.021458365928043843,0.08
12781,0.16080430913311258,P,0.1258793536300331,0.15
12794,0.11643585186062363,C,0.26794460444654966,0.24
12801,0.13667219543778225,C,0.056833609771889115,0.05
12820,0.33762476729307517,C,0.06688123836465376,0.05
12822,0.27352819279950674,C,0.06367640963997534,0.05
12823,0.13504857660285777,P,0.13839222774354276,0.16
12827,0.10513270686060401,P,0.12528142103951545,0.14
12831,0.13980253537026946,C,0.008601974646297306,0.01
12845,0.11111807877256853,C,1.3666752368902593,1.23
12847,0.18892686496844446,C,0.04866438810189333,0.06
12850,0.10438531606160027,C,0.20599137730583195,0.23
12858,0.1155865189818657,C,0.2034151006341709,0.23
12859,0.1155865189818657,C,0.2034151006341709,0.23
12889,0.19551531486754758,P,0.04826908110794714,0.06
12899,0.2080422044053065,C,0.16912590861674293,0.14
12916,0.4705388205238874,P,1.2646633856505431,0.86
12918,0.49864540476800495,P,1.2888350481004842,0.86
12924,0.9130906784139319,C,2.047007025902907,1.07
12945,0.11936624103423037,C,0.24626057302753068,0.22
12982,0.12454145306338733,C,0.4273257521640872,0.38
12991,1.221181721367449,C,0.02221181721367449,0.01
12992,0.23427385664784947,C,0.012342738566478495,0.01
12996,0.22503709745882364,C,0.015499258050823528,0.02
12997,0.10281005102145413,C,0.215325587754851,0.24
13013,0.940324610431747,C,2.056744087057652,1.06
13043,0.16382208302824133,P,0.016723558339435174,0.02
13054,0.1403951638654363,C,0.2166750811344329,0.19
13095,0.4603451483510925,C,0.01079309703297815,0.02
13108,0.17867097360681392,C,0.07072025841640883,0.06
13111,0.15253670320455548,C,9.220293625636444,8.0
13121,0.8163140368632037,C,0.01102115778820778,0.06
13139,0.13261375862273223,C,0.7459521675844503,0.86
13201,0.1098197612859994,C,0.2219639522571999,0.2
13207,0.32957290262366107,C,0.2792103095509688,0.21
13208,0.32957290262366107,C,0.2792103095509688,0.21
13214,0.13229256401662534,C,0.2377814384434913,0.21
13216,0.12249857304485745,C,0.06734991438269144,0.06
13217,0.12249857304485745,C,0.06734991438269144,0.06
13219,0.11925811594615665,C,0.2350442043486929,0.21
13220,0.11925811594615665,C,0.2350442043486929,0.21
13228,0.1614239993321229,P,0.04645695997328492,0.04
13238,0.12828632872616066,C,0.23694012903249373,0.21
13239,0.11417744740952779,C,0.22283548948190557,0.2
13250,0.10802987080717773,C,0.1440438832049331,0.13
13251,0.10802987080717773,C,0.1440438832049331,0.13
13254,0.1161477196029505,C,0.14509920354838357,0.13
13271,0.1392706772340056,C,0.13671248126808067,0.12
13279,0.11786900606460476,P,1.7377980580527286,1.97
13280,0.11786900606460476,P,1.7377980580527286,1.97
13281,0.11786900606460476,P,1.7377980580527286,1.97
13282,0.11786900606460476,P,1.7377980580527286,1.97
13283,0.11786900606460476,P,1.7377980580527286,1.97
13284,0.11786900606460476,P,1.7377980580527286,1.97
13295,0.4036826535876294,P,2.1765583144051526,3.65
13301,0.11397780562409969,P,0.15062377304390306,0.17
13302,0.11397780562409969,P,0.15062377304390306,0.17
13344,0.10640820917154181,C,0.16596123137573127,0.15
13348,0.1587000937379965,C,0.011587000937379965,0.01
13350,0.1587000937379965,C,0.011587000937379965,0.01
13351,0.1587000937379965,C,0.011587000937379965,0.01
13354,0.1587000937379965,C,0.011587000937379965,0.01
13355,0.1587000937379965,C,0.011587000937379965,0.01
13356,0.1587000937379965,C,0.011587000937379965,0.01
13357,0.1587000937379965,C,0.011587000937379965,0.01
13373,0.1198785709910477,C,0.7481032146576094,0.85
13383,0.15940784940097671,C,0.4173868257843516,0.36
13384,0.15940784940097671,C,0.4173868257843516,0.36
13385,0.12353318873556421,P,1.1394068546437666,1.3
13405,0.1854898735654602,C,9.365370001167136,7.9
13406,0.1854898735654602,C,9.365370001167136,7.9
13407,0.1854898735654602,C,9.365370001167136,7.9
13408,0.1854898735654602,C,9.365370001167136,7.9
13409,0.1854898735654602,C,9.365370001167136,7.9
13429,0.12884850380603055,P,5.775734419766017,6.63
13430,0.11151541143848474,P,4.397998713379501,4.95
13444,0.11689690868969947,C,3.3953666024166864,3.04
13453,0.1109677136181339,C,0.2221935427236268,0.2
13465,0.23795985523157093,C,2.6595201052418176,3.49
13466,0.16283938124106476,C,1.1971396848252773,1.43
13467,0.31444080886376374,C,0.9803496433248178,1.43
13506,0.2683493317479607,P,0.03805047995243882,0.03
13508,0.2683493317479607,P,0.03805047995243882,0.03
13512,0.1065474699568511,C,0.05532737349784256,0.05
13513,0.1065474699568511,C,0.05532737349784256,0.05
13519,0.798069650724532,C,0.07192278602898128,0.04
13535,0.9409806642846905,C,0.0023607734286123783,0.04
13549,0.15822009448439325,P,9.554201927602136,11.35
13572,0.10558973572956626,C,0.055279486786478316,0.05
13588,0.30329640893401,P,5.072002142960407,7.28
13625,0.13345653466990376,P,1.16983367819563,1.35
13634,0.11808674435567768,P,0.7937219300798901,0.9
13637,0.12993448188541995,C,0.39547706865989696,0.35
13652,0.1472384698304306,P,0.02558284590508708,0.03
13667,0.8117866177132402,C,0.07247146470852961,0.04
13702,0.12719160949456865,P,1.2737265187288624,1.13
13725,0.12607783233536368,C,0.6418643644311572,0.57
13727,0.5857387957056046,P,1.5327664558892629,3.7
13732,0.9731063699723217,C,0.000537872600553567,0.02
13745,0.10153007836301484,C,0.19827541410534266,0.18
13758,0.14009528666599644,C,0.3990333503330987,0.35
13760,0.10255265621442529,C,0.12128079218358678,0.11
13799,0.20356270835712922,C,0.007964372916428708,0.01
13800,0.146180700103755,C,0.0512291579937747,0.06
13813,0.3261790996860473,C,0.2387122379434885,0.18
13816,0.17028038345918886,P,1.111824286164687,1.34
13838,0.5972501656863104,P,1.4901743869606516,3.7
13866,0.1207660783358935,C,2.0173789410046084,1.8
13867,0.17205057493393985,C,0.03311797700264241,0.04
13868,0.13135389343027504,C,2.036437008174495,1.8
13876,0.563598645766265,P,1.6146850106648198,3.7
13879,0.1918132444027588,P,0.13739174845153102,0.17
13889,0.18302404187001325,C,0.4377188954919049,0.37
13894,0.18440880131269866,C,0.47304289523863474,0.58
13895,0.18440880131269866,C,0.47304289523863474,0.58
13913,0.25935427763331764,P,1.435663876501982,1.14
13914,0.25935427763331764,P,1.435663876501982,1.14
13940,0.11335441645268313,C,0.05566772082263416,0.05
13961,0.21284323254414764,P,1.0705332037399593,1.36
13987,9.826222049039734,C,1.515671086865563,0.14
14012,0.11517495955681412,P,7.874942859944355,8.9
14016,0.10854810914189611,P,7.933921828637125,8.9
14039,0.1091966606194447,P,7.928149720486942,8.9
14040,0.20830956107782217,C,1.2928912303532698,1.07
14052,0.12987409475534895,C,1.4688363231819537,1.3
14059,0.14016554770255846,C,0.11401655477025585,0.1
14078,0.16565359077281544,P,0.08343464092271846,0.1
14107,0.11586210752855051,C,1.4617793608624012,1.31
14132,0.19972791928716602,C,0.1559646295073316,0.13
14137,0.11722580141608725,C,3.9102903049563054,3.5
14138,0.11722580141608725,C,3.9102903049563054,3.5
14150,0.584853228619552,C,0.11093972600336865,0.07
14178,0.36481693471100834,C,0.06824084673555042,0.05
14186,0.18832434351345217,C,0.39214703335943923,0.33
14206,0.15206302815602782,P,8.691353961400715,10.25
14216,0.1317726043875324,P,10.679196966033352,12.3
14217,0.27093182366718516,P,1.4581363526656297,2.0
14218,0.11137001175167617,P,10.930148855454384,12.3
14223,0.5113762915240008,C,0.009772474169519985,0.02
14224,0.5113762915240008,C,0.009772474169519985,0.02
14250,0.11445246825628376,C,0.18945691960356825,0.17
14252,0.5281300833661193,P,0.015281300833661193,0.01
14265,0.24014098312883456,C,0.19842255730061353,0.16
14266,0.24014098312883456,C,0.19842255730061353,0.16
14270,0.29332968177727403,P,0.03879989045331822,0.03
14281,0.36437262298717604,C,0.0317813688506412,0.05
14284,0.4970747395868899,C,0.0598829895834756,0.04
14316,0.11602007096032009,C,0.0353591971615872,0.04
14335,0.172877160764239,C,0.03308491356943044,0.04
14350,0.10612589576529861,C,6.846919294787199,6.19
14370,0.1368442953302065,C,0.03452622818679174,0.04
14379,0.1809341733164818,C,0.008190658266835182,0.01
14385,0.2292222780173109,P,14.028154540084941,18.2
14394,0.18458473326109043,P,0.09784983200866915,0.12
14395,0.18458473326109043,P,0.09784983200866915,0.12
14437,0.11115674701577745,P,1.1999383915287005,1.35
14448,0.1089884825423622,C,31.16257635944038,28.1
14468,0.11932426585507991,P,4.227243523895616,4.8
14471,0.38124071811123006,C,0.018562778456663098,0.03
14486,0.1851822264483048,C,0.1777773339672457,0.15
14502,0.10098335052963259,P,5.196316233938724,5.78
14513,0.13202790142321422,C,0.03471888394307143,0.04
14520,0.10422646696419946,P,0.22394338325895013,0.25
14524,0.17001752751878152,C,0.035100525825563444,0.03
14534,0.14485912511945556,C,0.03420563499522178,0.04
14564,0.49182827416084285,C,0.010163434516783143,0.02
14565,0.49182827416084285,C,0.010163434516783143,0.02
14566,0.49182827416084285,C,0.010163434516783143,0.02
14567,0.49182827416084285,C,0.010163434516783143,0.02
14568,0.49182827416084285,C,0.010163434516783143,0.02
14569,0.49182827416084285,C,0.010163434516783143,0.02
14570,0.4790816061040917,C,0.010418367877918167,0.02
14575,0.27120200737309125,C,0.19068030110596368,0.15
14576,0.27120200737309125,C,0.19068030110596368,0.15
14577,0.27120200737309125,C,0.19068030110596368,0.15
14626,0.21369988285096048,P,0.03641099648552881,0.03
14627,0.21369988285096048,P,0.03641099648552881,0.03
14628,0.37338294594873117,C,0.05493531783794925,0.04
14635,0.11500006994115997,C,0.6578500412652843,0.59
14639,0.5031540685940352,C,0.009936918628119296,0.02
14640,0.5031540685940352,C,0.009936918628119296,0.02
14641,0.5031540685940352,C,0.009936918628119296,0.02
14642,0.5031540685940352,C,0.009936918628119296,0.02
14651,0.14140058718763945,C,15.477391962264392,13.56
14652,0.1405594666370222,C,15.477391962264392,13.57
14673,0.7723598750424285,P,0.03544719750084857,0.02
14713,0.16265235560329044,P,10.14865345008812,12.12
14726,0.13893477409681004,C,0.19361891159645772,0.17
14748,0.1295837616808617,C,0.6890460946253256,0.61
14753,0.1931373101221037,C,0.1290980303804634,0.16
14757,0.12945888141575032,C,20.98534601670464,18.58
14759,0.10113552030190691,C,0.13482967195471396,0.15
14774,0.13116068142967896,C,0.13032589778554815,0.15
14781,0.2086654527765344,C,0.1266135275557545,0.16
14786,0.104407108722731,C,0.12148478195950041,0.11
14793,0.17823914244934735,C,0.1767358713674021,0.15
14807,0.1381256512132304,C,0.14795633465771996,0.13
14844,0.1599320191337626,C,0.17398980287006438,0.15
14845,0.1599320191337626,C,0.17398980287006438,0.15
14853,0.5753173349742688,C,0.03150634669948538,0.02
14859,0.15968056775434059,C,0.17395208516315108,0.15
14860,0.16339940490011495,P,0.22588216067696898,0.27
14861,0.16339940490011495,P,0.22588216067696898,0.27
14877,0.1702070568647271,P,0.4231944009989892,0.51
14889,0.23001567616005666,C,0.04920062704640227,0.04
14900,0.6156431586794658,C,0.048469294760383974,0.03
14934,0.13625768381147954,C,0.13819877059016328,0.16
14943,0.14444666157043587,P,0.3891118649339482,0.34
14944,0.14444666157043587,P,0.3891118649339482,0.34
14945,0.130013103201956,C,0.1695019654802934,0.15
14954,0.1313363144173749,C,0.045253452576695,0.04
14957,0.11444780168747923,C,0.04457791206749917,0.04
14961,0.44265604679236037,C,0.04327968140377081,0.03
14970,0.12677135369268677,P,0.2028188436646836,0.18
15023,0.11474741137901848,C,0.5488566049450085,0.62
15027,0.12030662044913265,C,0.1680459930673699,0.15
15094,0.2541098622501713,C,0.3887740572975531,0.31
15131,0.2016209001092759,P,3.0338405795847514,3.8
15149,0.8851505831364034,P,0.0723551326240659,0.63
15160,0.10320205899439878,C,0.14341626766927185,0.13
15254,0.27986667015137323,C,0.014402666596972535,0.02
15255,0.27986667015137323,C,0.014402666596972535,0.02
15260,0.4267158751246179,C,0.042801476253738535,0.03
15279,0.131955671155338,C,0.04527822684621352,0.04
15280,0.22743114985867363,C,1.2642540843544339,1.03
15281,1.5285081687088677,C,1.2642540843544339,0.5
15282,0.30335472613859166,C,1.2642540843544339,0.97
15283,0.30335472613859166,C,1.2642540843544339,0.97
15287,0.38601006943317273,C,0.012279798611336545,0.02
15377,0.11936929023707579,C,5.037161806066841,4.5
15387,0.21139589485641685,C,1.8897775959760104,1.56
15390,0.1308115691050509,C,6.996966868704341,8.05
15391,0.1308115691050509,C,6.996966868704341,8.05
15392,0.1308115691050509,C,6.996966868704341,8.05
15399,0.13001995585254625,P,7.568826384082847,8.7
15400,0.15576864751133201,P,10.55289190610835,12.5
15401,0.15576864751133201,P,10.55289190610835,12.5
15402,0.15576864751133201,P,10.55289190610835,12.5
15403,0.15576864751133201,P,10.55289190610835,12.5
15404,0.15576864751133201,P,10.55289190610835,12.5
15405,0.15576864751133201,P,10.55289190610835,12.5
15407,0.1794424990708587,P,12.103223138704834,14.75
15410,0.10509433383622024,C,4.027075497737009,4.5
15413,0.10509433383622024,C,4.027075497737009,4.5
15430,0.17267793908819556,C,2.4654197415171772,2.98
15440,0.17267793908819556,C,2.4654197415171772,2.98
15441,0.33094022256504185,C,3.9662018632438247,2.98
15442,0.33094022256504185,C,3.9662018632438247,2.98
15445,0.10368898336590998,C,4.966600425146595,4.5
15446,0.19027010271776607,C,1.9676436503958286,2.43
15447,0.19027010271776607,C,1.9676436503958286,2.43
15448,0.19027010271776607,C,1.9676436503958286,2.43
15449,0.19027010271776607,C,1.9676436503958286,2.43
15450,0.139129635979,C,2.25547667923842,1.98
15451,0.139129635979,C,2.25547667923842,1.98
15452,0.139129635979,C,2.25547667923842,1.98
15453,0.139129635979,C,2.25547667923842,1.98
15454,0.139129635979,C,2.25547667923842,1.98
15455,0.139129635979,C,2.25547667923842,1.98
15456,0.28690052239383673,P,12.122691119304775,17.0
15460,0.16193069466275586,C,3.7713118740175986,4.5
15461,0.16193069466275586,C,3.7713118740175986,4.5
15462,0.16193069466275586,C,3.7713118740175986,4.5
15463,0.16193069466275586,C,3.7713118740175986,4.5
15465,0.33142060858251204,C,0.03994261825747536,0.03
15466,0.17113015035532758,C,3.729914323401026,4.5
15468,0.17266026530130635,C,3.7230288061441215,4.5
15469,0.15275949084872684,P,2.5756111478198704,3.04
15473,0.31673784173540304,C,2.042953853211145,2.99
15474,0.3075712618738572,C,2.0634376396159055,2.98
15484,0.3175697966803789,C,2.033642005892471,2.98
15516,0.14894999584327484,C,0.3906429985867135,0.34
15522,0.36004987436630914,C,0.027200997487326184,0.02
15552,0.27491473886930107,C,0.44622015860425535,0.35
15553,0.27491473886930107,C,0.44622015860425535,0.35
15554,0.2750098519514808,C,0.44625344818301826,0.35
15563,0.14441468475519065,P,0.1716622027132786,0.15
15568,0.14136456163519312,P,1.1677441961761375,1.36
15596,0.2294451936620581,C,0.030822192253517677,0.04
15598,0.12387097840067622,P,0.033716129352020285,0.03
15615,0.3699567514500189,C,0.041098702543500565,0.03
15618,0.36303915492552724,C,0.040891174647765816,0.03
15638,0.716063925762529,C,1.8018671220506555,1.05
15674,0.11626862383236182,C,8.651081834700804,7.75
15691,0.5043978411895069,C,0.009912043176209862,0.02
15692,0.2868204346684428,P,4.279077391989343,6.0
15693,0.2868204346684428,P,4.279077391989343,6.0
15694,0.1379883001435853,C,0.38691602204881903,0.34
15699,0.1575386382982747,P,2.569507153190262,3.05
15701,0.45507089308268656,C,0.0054492910691731344,0.01
15702,0.45507089308268656,C,0.0054492910691731344,0.01
15703,0.45507089308268656,C,0.0054492910691731344,0.01
15704,0.9787003819673218,P,0.005111908327842779,0.24
15710,0.29424717531876343,C,0.05176988701275054,0.04
15711,0.1306048691813639,P,0.2869003931701499,0.33
15718,0.5100300412173696,C,0.045300901236521085,0.03
15724,0.10972701178449015,C,0.7389265802188731,0.83
15777,0.13208449376524342,C,0.1698126740647865,0.15
15779,0.13208449376524342,C,0.1698126740647865,0.15
15780,0.13208449376524342,C,0.1698126740647865,0.15
15781,0.13208449376524342,C,0.1698126740647865,0.15
15792,0.11339238055541934,P,0.8866076194445807,1.0
15814,0.2016725597549585,P,3.6651013072526233,3.05
15825,0.142185028579044,P,2.6841348171607535,2.35
15829,0.10966406305997528,C,0.12464703117160347,0.14
15841,0.1195011853013478,C,31.569933425498007,28.2
15903,0.3873498919510654,C,1.1515004103193842,0.83
15906,0.13915749141485875,C,0.1708736237122288,0.15
15913,0.13486447960653442,C,0.17022967194098015,0.15
15923,0.41327523766312346,P,0.1525484382075879,0.26
15947,0.7251525364677205,C,0.002748474635322795,0.01
15959,0.14410319795207258,C,0.17161547969281088,0.15
15973,0.10123420332780377,C,0.5752101098702056,0.64
15984,0.18103493575819513,C,0.13922406092110684,0.17
15989,0.2221157826558533,C,0.1400191591219464,0.18
15995,0.14111977463043412,C,0.5582721464902178,0.65
15996,0.16655035016055653,C,0.1416864404727054,0.17
16011,0.37550038658417484,C,0.2613450734509932,0.19
16050,0.1125154937284503,C,3.3264213262480666,2.99
16052,0.1125154937284503,C,3.3264213262480666,2.99
16054,0.1125154937284503,C,3.3264213262480666,2.99
16056,0.1162487671973378,C,3.3264213262480666,2.98
16057,0.1125154937284503,C,3.3264213262480666,2.99
16060,0.1125154937284503,C,3.3264213262480666,2.99
16062,0.1125154937284503,C,3.3264213262480666,2.99
16064,0.1125154937284503,C,3.3264213262480666,2.99
16066,0.1125154937284503,C,3.3264213262480666,2.99
16068,0.10880710874935555,C,3.3264213262480666,3.0
16182,0.31940188627332855,C,0.013611962274533429,0.02
16203,0.38056244971815906,C,0.04141687349154477,0.03
16216,0.2577487108750951,C,0.012577487108750951,0.01
16228,0.2709658810070561,C,0.014580682379858878,0.02
16252,0.16272401367753575,C,0.29304659521286247,0.35
16265,0.1428568427491053,C,0.017142863145017895,0.02
16279,0.13510049315547795,P,7.161367916672642,8.28
16294,0.8709337742794239,P,0.25813245144115227,2.0
16319,0.11842364241286626,P,0.011184236424128663,0.01
16320,0.11842364241286626,P,0.011184236424128663,0.01
16321,0.11131304975626702,P,0.01111313049756267,0.01
16328,0.1533781295257895,P,0.025398656114226315,0.03
16331,0.2677315476366857,P,0.025354630952733714,0.02
16349,0.14732584781291716,C,0.13642786434993326,0.16
16354,0.12460484383799343,C,0.14006322498592105,0.16
16388,0.9464142296644281,C,0.006966150143624339,0.13
16401,0.4064941962139015,C,0.01187011607572197,0.02
16417,0.2867650729605436,P,13.587125360101645,19.05
16443,0.2913693373284445,C,0.03874108011985333,0.03
16457,0.622509704220301,P,0.09814747690272174,0.26
16464,0.2758115422715655,C,0.038274346268146964,0.03
16465,0.4013762152858433,C,0.028027524305716867,0.02
16487,0.1390730359773553,P,8.867547729433241,10.3
16488,0.10122869726053116,P,0.176196591561685,0.16
16489,0.10122869726053116,P,0.176196591561685,0.16
16496,0.10114111227119606,C,0.14381742203660863,0.16
16530,0.3449736124684568,C,0.013100527750630864,0.02
16535,0.10659321784111195,C,24.179061809828298,21.85
16550,0.10316909139697733,P,0.4081725638168816,0.37
16556,0.3365752376284439,C,0.013268495247431122,0.02
16557,0.27819524443792965,C,0.051127809777517186,0.04
16569,0.3174872864722964,C,0.052699491458891856,0.04
16583,0.10936319192493255,C,0.18859174262723855,0.17
16585,0.18234617082348945,C,0.18917538733175832,0.16
16586,0.17112788992839512,C,3.115200187209531,2.66
16587,0.29469247071021076,C,0.014106150585795785,0.02
16592,0.15630152283317472,P,1.1052450050885412,1.31
16608,0.18683048564475976,P,1.0088059127980458,0.85
16620,0.15413476015763386,P,0.08078943321103438,0.07
16637,0.22874234696577217,P,0.03686227040897316,0.03
16638,0.22874234696577217,P,0.03686227040897316,0.03
16645,0.18939125097319295,C,0.19030260015571088,0.16
16659,0.5387004102871712,C,0.046161012308615135,0.03
16660,0.1748557055078601,C,0.18797691288125762,0.16
16663,0.16098183749653458,P,0.17414727562448018,0.15
16668,0.22360578726425182,P,0.03670817361792755,0.03
16683,0.19435626810998444,C,0.008056437318900156,0.01
16684,0.10057565539173845,C,0.12106332209309123,0.11
16703,0.18341876591807413,P,0.13017606425098815,0.11
16721,0.2900232502306473,C,2.1672390603874874,1.68
16752,0.178008173063623,C,1.2369085817168042,1.05
16768,0.12661417507367645,P,0.2816535437684191,0.25
16814,0.14480441947491055,P,0.26330501647922944,0.23
16815,0.14480441947491055,P,0.26330501647922944,0.23
16820,0.2877500010306224,P,0.07726500006183734,0.06
16861,0.15787223348651958,C,0.034736167004595586,0.03
16862,0.15787223348651958,C,0.034736167004595586,0.03
16863,0.15787223348651958,C,0.034736167004595586,0.03
16864,0.15787223348651958,C,0.034736167004595586,0.03
16876,0.15061508542015492,C,0.9173357077462327,1.08
16877,0.15061508542015492,C,0.9173357077462327,1.08
16896,0.11466228603491761,C,0.03343986858104753,0.03
16918,0.13970140221075772,C,0.03419104206632273,0.03
16919,0.13970140221075772,C,0.03419104206632273,0.03
16926,0.17111985455445833,P,0.2927799636386146,0.25
16930,0.30066936867200655,C,0.039020081060160194,0.03
16940,0.8216405080508702,P,0.07286562032203481,0.04
16956,0.12195968754074948,C,4.6000347189170725,4.1
16962,0.2699109133335256,C,0.10221247213330642,0.14
16968,0.24129994267676394,C,0.030348002292929444,0.04
16970,0.5590172629612136,C,0.008819654740775729,0.02
16988,1.1851623507940268,P,1.0925811753970134,0.5
16990,0.15190158808640866,C,18.8911860446171,16.4
16991,0.15190158808640866,C,18.8911860446171,16.4
16996,0.2587996065077109,C,0.09635605115399759,0.13
17005,0.4990956770156476,C,0.010018086459687048,0.02
17024,0.5413367231104629,C,0.004586632768895371,0.01
17025,0.20619259762340736,C,0.3377339273345541,0.28
17048,0.13129762172946924,C,0.7919083352106284,0.7
17056,0.1050679522135951,P,1.580247171665441,1.43
17072,0.2219387032442675,C,0.2077295795515255,0.17
17073,0.2219387032442675,C,0.2077295795515255,0.17
17088,0.12218168810631067,P,0.1795490700970097,0.16
17095,0.5449025579943543,C,0.05916266746073395,0.13
17103,0.11416322546489259,C,0.16712448381973388,0.15
17104,0.11416322546489259,C,0.16712448381973388,0.15
17113,0.1259072338550041,C,0.3152540254794012,0.28
17117,1.1062974023844987,P,1.0531487011922493,0.5
17118,0.2243368840447897,C,0.10083620507417734,0.13
17119,0.5416336167285516,C,0.03208564682900139,0.07
17130,0.12771523948374092,P,0.13084271407743886,0.15
17138,0.18925552936165288,C,16.471189081658892,13.85
17145,0.5821099363926728,C,0.04746329809178018,0.03
17209,0.13721815602300325,C,1.1372181560230032,1.0
17222,0.11189134613997236,C,3.335674038419917,3.0
17246,0.11801698191392927,C,0.190062886925368,0.17
17263,0.21282393659517537,P,2.8338338282573687,3.6
17271,0.10461916377189759,C,5.302171986105108,4.8
17272,0.15591361893169833,C,0.11817209334956225,0.14
17273,0.6094148835530454,C,0.023435106986817278,0.06
17274,0.6094148835530454,C,0.023435106986817278,0.06
17275,0.15591361893169833,C,0.11817209334956225,0.14
17277,0.22763575752073356,C,0.038618212123963325,0.05
17302,0.12643926489485335,C,0.14850532496787494,0.17
17306,0.20969163682581227,P,0.03629074910477437,0.03
17320,0.5188572314216665,P,0.13669715082794998,0.09
17322,0.803802416709277,C,0.03607604833418554,0.02
17326,0.5168026051003006,P,0.13651223445902705,0.09
17328,0.42353840923004066,C,0.028470768184600814,0.02
17336,0.360832685524314,C,0.01278334628951372,0.02
17350,0.2925717500130091,C,0.7109144625071551,0.55
17351,0.2925717500130091,C,0.7109144625071551,0.55
17357,0.18147536398455705,P,0.04092623180077215,0.05
17362,0.1445305235313868,C,0.17109389529372265,0.2
17389,0.2592931458589892,C,0.13852224604448882,0.11
17397,0.8749515019275114,C,0.008753394865074204,0.07
17409,0.12482568495927314,P,0.12373082534552005,0.11
17412,0.10450309961038329,C,11.597282545909025,10.5
17432,0.43436756899598444,C,0.14343675689959845,0.1
17475,0.6770031475699406,P,0.05031009442709822,0.03
17477,0.17984653443420157,C,1.2506373265002537,1.06
17491,0.37146992967816367,P,0.14456191617402236,0.23
17510,0.3127119798403085,C,0.7422710617724668,1.08
17543,0.7096312313527654,C,1.4360902343363229,0.84
17554,0.16069071021527132,P,16.660289402226866,19.85
17555,0.16069071021527132,P,16.660289402226866,19.85
17557,0.16069071021527132,P,16.660289402226866,19.85
17568,0.14423728960164536,P,19.511389797082487,22.8
17569,0.14423728960164536,P,19.511389797082487,22.8
17575,0.11765801484472094,C,0.1341189617813665,0.12
17592,0.10894787102567835,C,0.3548633187282171,0.32
17593,0.18871452156442453,C,0.05943572607822123,0.05
17664,0.14034296386676998,P,0.042982851806661504,0.05
17675,0.22728047885998415,P,9.388542181851193,12.15
17697,0.7409567589423519,C,1.479813245100999,0.85
17718,0.17842221814872075,C,0.016431555637025586,0.02
17733,0.3501727110673749,C,0.25653281510280124,0.19
17736,0.12844212490124957,P,4.88943967930399,5.61
17751,0.13078284170642368,C,0.13569394100477083,0.12
17770,0.2995033132037868,C,8.04392550873144,6.19
17773,0.21918239837304332,C,0.20726100772341738,0.17
17813,0.31398276597418473,C,0.013720344680516305,0.02
17818,0.1208813992105417,C,0.21296746585000292,0.19
17820,0.18315258805557183,C,0.21296746585000292,0.18
17825,0.23308146763212653,P,9.203022388414482,12.0
17840,0.21053483313999638,C,0.8763063352146041,1.11
17875,0.12847128683407627,P,4.662678615437692,5.35
17876,0.12847128683407627,P,4.662678615437692,5.35
17887,0.3456443730578805,P,0.03926133761652717,0.06
17888,0.3456443730578805,P,0.03926133761652717,0.06
17897,0.10120340354913614,C,0.18720457860335316,0.17
17906,0.14729327697833391,C,0.04589173107913336,0.04
17925,0.20232774917319316,C,0.3847448797354218,0.32
17926,0.5106834630022147,C,0.10275647276953492,0.21
17929,0.11804721048815145,C,1.1963105152223221,1.07
17933,0.12126850919324997,C,5.550279120506588,4.95
17948,0.1884434178491351,P,3.116377275459321,3.84
17972,1.3098877129670181,C,0.09239550851868072,0.04
17974,0.1549118489076274,P,0.21972291928401688,0.26
17975,0.1697338172182631,C,11.77921953938791,10.07
18001,0.12346318434183329,C,0.370742850832805,0.33
18019,0.2257676714118119,C,0.8361709148752432,1.08
18035,0.8246007353311808,C,3.4302493824226197,1.88
18036,0.18100997366103286,C,0.14172119683932394,0.12
18042,0.4159159358261952,C,0.14159159358261952,0.1
18043,0.4159159358261952,C,0.14159159358261952,0.1
18046,0.15249656629223926,P,3.2459381511007237,3.83
18052,0.18093478733308668,P,3.137019764514278,3.83
18069,0.13003851436049624,P,0.22600770287209926,0.2
18070,0.13003851436049624,P,0.22600770287209926,0.2
18075,0.24594340355924474,C,0.015081131928815106,0.02
18090,0.9961634475927513,C,0.00015346209628994828,0.04
18143,0.2269569815457793,C,0.03680870944637338,0.03
18159,0.11930498780831769,P,8.868598772770241,10.07
18163,0.25787880743390573,C,0.13836666881772963,0.11
18185,0.3282074747784497,C,0.03984622424335349,0.03
18216,0.38005840460126805,C,0.01859824786196196,0.03
18217,0.38005840460126805,C,0.01859824786196196,0.03
18229,0.17098667036035659,C,0.05854933351801783,0.05
18247,0.1314836229887803,C,1.8103737967820486,1.6
18263,0.4866231806717423,C,0.04459869542015227,0.03
18302,0.137462082912651,P,0.6256041456019581,0.55
18305,0.2331098556699038,C,9.72923676123554,7.89
18311,0.14922000940531532,P,4.636750948741032,5.45
18315,0.6358396726768981,C,1.1123709774202908,0.68
18338,0.19990868558883523,P,5.4886264168605905,6.86
18344,0.10292594074029321,P,0.23161444755546157,0.21
18362,0.1313584170921764,C,0.04525433668368706,0.04
18388,0.37465063335992427,C,2.666822228718253,1.94
18389,0.41492614327745964,C,4.994689285769432,3.53
18391,0.10738861598413955,C,0.13288663391809674,0.12
18395,0.12174629915999799,C,0.04486985196639992,0.04
18448,0.14459305076464482,P,19.46050809510433,22.75
18529,0.15523445846787495,P,16.641881168182863,19.7
18530,0.1678033071390814,C,0.04671213228556326,0.04
18593,0.11064559857541059,C,21.157798652861572,19.05
18600,0.2219386858210207,C,0.3421428320298858,0.28
18605,0.1204237661300852,P,29.421825022948653,33.45
18649,0.2792416133496631,P,13.694409346356402,19.0
18660,0.10984991051296124,P,7.699798274062886,8.65
18668,0.26694911033321944,C,12.466779245678879,9.84
18669,0.2656628675816121,C,12.466779245678879,9.85
18690,0.34292366708159205,C,0.04599534330428856,0.07
18697,0.18441668724280907,P,0.0815583312757191,0.1
18733,0.10187285803566502,P,0.11675652845536355,0.13
18734,0.10187285803566502,P,0.11675652845536355,0.13
18736,0.12878855047896776,P,2.551062124082467,2.26
18756,0.13673854149147033,C,15.800665726731438,13.9
18765,0.10264386813263557,C,0.044105754725305424,0.04
18771,0.1135770366457409,C,0.04454308146582964,0.04
18797,0.1212925595423392,P,3.6466358778992927,4.15
18807,0.10451701220294657,P,6.716122408477901,7.5
18808,0.10451701220294657,P,6.716122408477901,7.5
18809,0.10451701220294657,P,6.716122408477901,7.5
18810,0.10451701220294657,P,6.716122408477901,7.5
18811,0.10451701220294657,P,6.716122408477901,7.5
18812,0.10451701220294657,P,6.716122408477901,7.5
18831,0.2509525227462497,C,0.014980949545075006,0.02
18832,0.259418594010429,C,0.01481162811979142,0.02
18880,0.24760459457571302,C,0.04990418378302852,0.04
18900,0.24870474417384936,C,14.547410269625345,11.65
18903,0.24870474417384936,C,14.547410269625345,11.65
18926,0.20576425434604448,C,0.13502007676117245,0.17
18927,0.20576425434604448,C,0.13502007676117245,0.17
18928,0.20576425434604448,C,0.13502007676117245,0.17
18929,0.20576425434604448,C,0.13502007676117245,0.17
18930,0.803744945811192,C,0.03607489891622384,0.02
18994,0.14776899395849155,C,9.239540401365858,8.05
19014,0.11498016289753561,C,0.12264781791872892,0.11
19021,0.1999090051170169,C,0.04799636020468068,0.04
19028,0.11543669093446424,P,0.04422816545327679,0.05
19076,0.21237039235440128,P,8.845080493860074,11.23
19102,0.2764769018818733,P,6.157181564985258,8.51
19107,0.1926630105639102,C,0.04770652042255641,0.04
19118,0.17032448914968826,P,0.5266460201173597,0.45
19133,0.20020339093102724,C,9.72164746654132,8.1
19164,0.130429639134405,C,28.486826906187005,25.2
19170,0.2287297761934823,C,0.19659676419095717,0.16
19205,0.737017029803457,P,0.021038637615723443,0.08
19215,1.1954362429156224,C,0.43908724858312453,0.2
19217,0.3517159135164824,C,0.13517159135164825,0.1
19232,0.11695061080377797,P,0.15637308551252893,0.14
19233,0.16207898906437454,P,0.09296631912514997,0.08
19241,0.1112165839973879,P,29.907561948487896,33.65
19307,0.2248380511402827,C,0.1347321856254311,0.11
19327,0.5740155932515044,C,0.012779532202454869,0.03
19345,0.15516542594097563,P,14.404429487706366,17.05
19401,0.14076711163111869,C,0.3878608179545804,0.34
19405,0.24812199962038847,C,0.19969951993926216,0.16
19407,0.24812199962038847,C,0.19969951993926216,0.16
19409,0.24812199962038847,C,0.19969951993926216,0.16
19411,0.300738912395877,C,5.202955649583508,4.0
19414,0.5302332501205931,C,3.978606450313542,2.6
19415,0.1952027286494752,P,13.681553612958922,17.0
19443,0.13196096431808135,C,1.8677355911248341,1.65
19466,0.14892773825260855,C,0.2893645689941131,0.34
19492,0.6271649720502787,C,0.01118505083849164,0.03
19504,0.7143451974195577,C,0.17143451974195578,0.1
19506,0.14418866999308044,P,4.920915147539787,5.75
19516,0.13985749429959365,C,1.983352040081293,1.74
19578,0.122963133896698,C,0.6737778803380188,0.6
19586,0.1408421670991691,P,0.00859157832900831,0.01
19591,0.4383384158621523,C,0.01684984752413543,0.03
19624,0.2916600283691308,C,0.1420826031206044,0.11
19647,0.5264534528320977,C,0.02841279283007414,0.06
19678,0.16027692223011966,C,3.4228169205788532,2.95
19681,0.1563570677631261,C,3.4228169205788532,2.96
19682,0.16027692223011966,C,3.4228169205788532,2.95
19683,0.16027692223011966,C,3.4228169205788532,2.95
19691,0.44161481761974736,C,0.14416148176197474,0.1
19692,0.44161481761974736,C,0.14416148176197474,0.1
19693,0.44161481761974736,C,0.14416148176197474,0.1
19694,0.44161481761974736,C,0.14416148176197474,0.1
19716,0.1576829830920486,P,2.8638778574870347,3.4
19770,0.18029332507310308,C,26.969702477920407,22.85
19779,0.12445285047226548,C,0.6746717102833593,0.6
19800,0.1509710222417824,C,41.089665494031635,35.7
19805,0.1285498595838088,C,0.1692824789375713,0.15
19836,0.1352699334022009,P,0.1135269933402201,0.1
19842,0.12782474320745513,C,0.16917371148111826,0.15
19843,0.12782474320745513,C,0.16917371148111826,0.15
19844,0.12782474320745513,C,0.16917371148111826,0.15
19871,0.49551658703016943,C,0.04486549761090508,0.03
19885,0.13352143577192843,C,0.580540638032808,0.67
19902,0.11095099283661568,C,0.5867723447278337,0.66
19914,0.12164966589589629,P,0.04486598663583585,0.04
19916,0.13959572106903356,P,0.10256361489621302,0.09
19944,0.2592162209934451,P,2.0816024190084192,2.81
19968,1.0887351939310128,P,0.08354940775724051,0.04
19969,1.0887351939310128,P,0.08354940775724051,0.04
20033,0.12554060451870097,C,1.181817634744636,1.05
20041,0.12711174453648433,C,3.3475218812733587,2.97
20046,0.19379946309001553,P,3.2409261583781372,4.02
20052,0.18569694513112128,P,3.2409261583781372,3.98
20054,0.17470862612245727,P,3.3341771504652726,4.04
20099,0.12344015176863955,P,20.248532494144428,23.1
20106,0.21370106756532972,C,0.007862989324346703,0.01
20107,0.21370106756532972,C,0.007862989324346703,0.01
20108,0.21370106756532972,C,0.007862989324346703,0.01
20139,0.3367114275237604,C,0.14703825702761364,0.11
